"product_id","name","quantity","entry_at"
"bea127ac-db11-4671-b988-11046e2d2961","Peas","2033","2024-03-18 03:43:53"
"bea127ac-db11-4671-b988-11046e2d2961","Peas","2226","2024-03-16 04:38:12"
"bea127ac-db11-4671-b988-11046e2d2961","Peas","1697","2024-02-22 05:03:53"
"bea127ac-db11-4671-b988-11046e2d2961","Peas","2900","2024-04-17 10:03:26"
"bea127ac-db11-4671-b988-11046e2d2961","Peas","1978","2024-03-01 02:56:35"
"bea127ac-db11-4671-b988-11046e2d2961","Peas","2872","2024-03-17 17:57:55"
"bea127ac-db11-4671-b988-11046e2d2961","Peas","1927","2024-05-10 00:18:06"
"bea127ac-db11-4671-b988-11046e2d2961","Peas","1819","2024-03-28 17:45:45"
"bea127ac-db11-4671-b988-11046e2d2961","Peas","948","2024-04-04 09:57:41"
"bea127ac-db11-4671-b988-11046e2d2961","Peas","848","2024-03-14 15:35:37"
"bea127ac-db11-4671-b988-11046e2d2961","Peas","582","2024-05-02 09:46:34"
"5fdfc86f-2632-4aac-ab60-4d9039144600","Lettuce","1979","2024-04-15 10:53:33"
"5fdfc86f-2632-4aac-ab60-4d9039144600","Lettuce","764","2024-04-28 12:52:09"
"5fdfc86f-2632-4aac-ab60-4d9039144600","Lettuce","2568","2024-03-19 21:19:55"
"5fdfc86f-2632-4aac-ab60-4d9039144600","Lettuce","1492","2024-04-12 15:14:06"
"5fdfc86f-2632-4aac-ab60-4d9039144600","Lettuce","2822","2024-04-21 09:02:41"
"5fdfc86f-2632-4aac-ab60-4d9039144600","Lettuce","1991","2024-04-30 17:21:37"
"5fdfc86f-2632-4aac-ab60-4d9039144600","Lettuce","2306","2024-04-19 07:44:46"
"5fdfc86f-2632-4aac-ab60-4d9039144600","Lettuce","1581","2024-02-22 09:56:10"
"5fdfc86f-2632-4aac-ab60-4d9039144600","Lettuce","549","2024-02-28 11:34:17"
"5fdfc86f-2632-4aac-ab60-4d9039144600","Lettuce","597","2024-05-09 02:24:23"
"5fdfc86f-2632-4aac-ab60-4d9039144600","Lettuce","2375","2024-03-04 18:02:45"
"5fdfc86f-2632-4aac-ab60-4d9039144600","Lettuce","2943","2024-02-27 17:15:17"
"5fdfc86f-2632-4aac-ab60-4d9039144600","Lettuce","853","2024-04-05 12:46:42"
"5fdfc86f-2632-4aac-ab60-4d9039144600","Lettuce","2453","2024-04-08 03:40:47"
"5fdfc86f-2632-4aac-ab60-4d9039144600","Lettuce","2105","2024-05-02 04:43:36"
"33c6089f-d183-485c-9c88-108982f94ae7","Sweet Potato","386","2024-03-25 01:50:31"
"33c6089f-d183-485c-9c88-108982f94ae7","Sweet Potato","2095","2024-05-15 05:54:10"
"33c6089f-d183-485c-9c88-108982f94ae7","Sweet Potato","533","2024-02-24 10:46:57"
"33c6089f-d183-485c-9c88-108982f94ae7","Sweet Potato","299","2024-03-28 21:41:55"
"33c6089f-d183-485c-9c88-108982f94ae7","Sweet Potato","694","2024-04-13 06:37:54"
"33c6089f-d183-485c-9c88-108982f94ae7","Sweet Potato","1384","2024-05-20 15:23:02"
"ad486559-3e6c-4751-ae0f-2d4eef14cef3","Jicama","144","2024-05-07 22:44:11"
"ad486559-3e6c-4751-ae0f-2d4eef14cef3","Jicama","38","2024-04-07 21:24:45"
"ad486559-3e6c-4751-ae0f-2d4eef14cef3","Jicama","1023","2024-04-29 11:18:23"
"ad486559-3e6c-4751-ae0f-2d4eef14cef3","Jicama","1173","2024-05-04 16:12:05"
"ad486559-3e6c-4751-ae0f-2d4eef14cef3","Jicama","1046","2024-05-05 04:37:37"
"ad486559-3e6c-4751-ae0f-2d4eef14cef3","Jicama","2479","2024-03-16 10:17:31"
"ad486559-3e6c-4751-ae0f-2d4eef14cef3","Jicama","578","2024-03-31 00:08:46"
"ad486559-3e6c-4751-ae0f-2d4eef14cef3","Jicama","1439","2024-05-19 05:31:24"
"ad486559-3e6c-4751-ae0f-2d4eef14cef3","Jicama","1636","2024-04-24 08:35:05"
"ad486559-3e6c-4751-ae0f-2d4eef14cef3","Jicama","2650","2024-03-11 21:22:11"
"ad486559-3e6c-4751-ae0f-2d4eef14cef3","Jicama","2597","2024-04-03 15:49:22"
"9b512f82-02a5-480e-8934-09326e891eb1","Sun dried tomatoes","378","2024-05-15 11:01:08"
"9b512f82-02a5-480e-8934-09326e891eb1","Sun dried tomatoes","1715","2024-04-02 00:39:00"
"9b512f82-02a5-480e-8934-09326e891eb1","Sun dried tomatoes","138","2024-02-29 02:06:17"
"9b512f82-02a5-480e-8934-09326e891eb1","Sun dried tomatoes","2074","2024-05-08 03:35:49"
"9b512f82-02a5-480e-8934-09326e891eb1","Sun dried tomatoes","2240","2024-05-07 10:57:21"
"9b512f82-02a5-480e-8934-09326e891eb1","Sun dried tomatoes","2032","2024-03-27 13:35:11"
"9b512f82-02a5-480e-8934-09326e891eb1","Sun dried tomatoes","1147","2024-04-01 00:30:09"
"9b512f82-02a5-480e-8934-09326e891eb1","Sun dried tomatoes","248","2024-04-21 17:40:25"
"9b512f82-02a5-480e-8934-09326e891eb1","Sun dried tomatoes","794","2024-05-04 06:10:45"
"71d66808-d3ae-4307-8d79-a808f3a09995","Onion","2183","2024-04-23 01:21:32"
"71d66808-d3ae-4307-8d79-a808f3a09995","Onion","2651","2024-04-12 20:53:14"
"71d66808-d3ae-4307-8d79-a808f3a09995","Onion","2811","2024-04-25 22:24:08"
"71d66808-d3ae-4307-8d79-a808f3a09995","Onion","263","2024-03-20 17:33:09"
"71d66808-d3ae-4307-8d79-a808f3a09995","Onion","567","2024-04-21 08:16:05"
"71d66808-d3ae-4307-8d79-a808f3a09995","Onion","170","2024-04-14 08:19:53"
"71d66808-d3ae-4307-8d79-a808f3a09995","Onion","2494","2024-03-10 19:00:21"
"71d66808-d3ae-4307-8d79-a808f3a09995","Onion","2454","2024-05-08 13:08:55"
"71d66808-d3ae-4307-8d79-a808f3a09995","Onion","621","2024-02-23 19:19:13"
"71d66808-d3ae-4307-8d79-a808f3a09995","Onion","540","2024-05-19 08:39:26"
"71d66808-d3ae-4307-8d79-a808f3a09995","Onion","2585","2024-03-21 18:44:39"
"71d66808-d3ae-4307-8d79-a808f3a09995","Onion","1814","2024-03-30 14:43:38"
"71d66808-d3ae-4307-8d79-a808f3a09995","Onion","2825","2024-05-20 00:17:39"
"71d66808-d3ae-4307-8d79-a808f3a09995","Onion","137","2024-05-15 19:00:34"
"71d66808-d3ae-4307-8d79-a808f3a09995","Onion","1276","2024-03-19 16:17:15"
"71d66808-d3ae-4307-8d79-a808f3a09995","Onion","1836","2024-03-23 22:48:06"
"71d66808-d3ae-4307-8d79-a808f3a09995","Onion","939","2024-04-04 15:25:41"
"71d66808-d3ae-4307-8d79-a808f3a09995","Onion","790","2024-03-06 18:06:26"
"71d66808-d3ae-4307-8d79-a808f3a09995","Onion","2494","2024-02-23 13:02:47"
"71d66808-d3ae-4307-8d79-a808f3a09995","Onion","5","2024-05-15 14:10:52"
"71d66808-d3ae-4307-8d79-a808f3a09995","Onion","384","2024-04-20 11:23:01"
"71d66808-d3ae-4307-8d79-a808f3a09995","Onion","1273","2024-04-29 19:15:53"
"2aa27274-1062-44cb-bb50-0145f85ce5da","Carrot","2032","2024-03-13 01:54:15"
"2aa27274-1062-44cb-bb50-0145f85ce5da","Carrot","2440","2024-03-25 14:28:47"
"2aa27274-1062-44cb-bb50-0145f85ce5da","Carrot","2080","2024-03-29 03:55:43"
"2aa27274-1062-44cb-bb50-0145f85ce5da","Carrot","1827","2024-04-10 08:26:05"
"2aa27274-1062-44cb-bb50-0145f85ce5da","Carrot","1381","2024-04-16 11:42:03"
"2aa27274-1062-44cb-bb50-0145f85ce5da","Carrot","2926","2024-03-23 05:09:32"
"2aa27274-1062-44cb-bb50-0145f85ce5da","Carrot","446","2024-04-16 13:07:07"
"0a8b6bfb-4c4c-4c35-bb80-ecefe59cf6fe","Chilli Pepper","1369","2024-03-14 13:20:34"
"0a8b6bfb-4c4c-4c35-bb80-ecefe59cf6fe","Chilli Pepper","2727","2024-04-04 09:38:39"
"0a8b6bfb-4c4c-4c35-bb80-ecefe59cf6fe","Chilli Pepper","2154","2024-04-05 11:46:32"
"0a8b6bfb-4c4c-4c35-bb80-ecefe59cf6fe","Chilli Pepper","172","2024-02-27 03:52:54"
"0a8b6bfb-4c4c-4c35-bb80-ecefe59cf6fe","Chilli Pepper","1992","2024-05-04 15:36:49"
"0a8b6bfb-4c4c-4c35-bb80-ecefe59cf6fe","Chilli Pepper","1261","2024-04-14 16:41:10"
"0a8b6bfb-4c4c-4c35-bb80-ecefe59cf6fe","Chilli Pepper","134","2024-05-08 20:27:12"
"0a8b6bfb-4c4c-4c35-bb80-ecefe59cf6fe","Chilli Pepper","732","2024-03-08 18:06:05"
"0a8b6bfb-4c4c-4c35-bb80-ecefe59cf6fe","Chilli Pepper","544","2024-04-11 09:54:23"
"0a8b6bfb-4c4c-4c35-bb80-ecefe59cf6fe","Chilli Pepper","2752","2024-04-12 22:12:02"
"0a8b6bfb-4c4c-4c35-bb80-ecefe59cf6fe","Chilli Pepper","338","2024-03-21 04:51:29"
"0a8b6bfb-4c4c-4c35-bb80-ecefe59cf6fe","Chilli Pepper","1072","2024-05-17 14:06:46"
"0a8b6bfb-4c4c-4c35-bb80-ecefe59cf6fe","Chilli Pepper","461","2024-05-06 02:22:49"
"0a8b6bfb-4c4c-4c35-bb80-ecefe59cf6fe","Chilli Pepper","1448","2024-04-20 02:53:11"
"8eb4c6bd-70f5-47f1-8b34-42dfe8d72e96","Eggplant","1593","2024-04-17 00:14:01"
"8eb4c6bd-70f5-47f1-8b34-42dfe8d72e96","Eggplant","2017","2024-04-01 02:23:12"
"8eb4c6bd-70f5-47f1-8b34-42dfe8d72e96","Eggplant","1838","2024-03-05 13:34:26"
"871e6cb9-2aef-4531-8c3e-d4beab46c850","Peas","1660","2024-04-15 01:00:43"
"871e6cb9-2aef-4531-8c3e-d4beab46c850","Peas","514","2024-03-22 22:00:37"
"871e6cb9-2aef-4531-8c3e-d4beab46c850","Peas","2382","2024-05-08 01:47:19"
"871e6cb9-2aef-4531-8c3e-d4beab46c850","Peas","1286","2024-03-16 09:47:40"
"871e6cb9-2aef-4531-8c3e-d4beab46c850","Peas","2833","2024-03-25 08:25:23"
"871e6cb9-2aef-4531-8c3e-d4beab46c850","Peas","210","2024-05-11 13:41:02"
"871e6cb9-2aef-4531-8c3e-d4beab46c850","Peas","2319","2024-03-25 18:25:54"
"871e6cb9-2aef-4531-8c3e-d4beab46c850","Peas","56","2024-03-06 13:53:44"
"871e6cb9-2aef-4531-8c3e-d4beab46c850","Peas","2766","2024-05-06 09:47:56"
"871e6cb9-2aef-4531-8c3e-d4beab46c850","Peas","2441","2024-03-21 09:08:18"
"871e6cb9-2aef-4531-8c3e-d4beab46c850","Peas","1272","2024-03-11 15:46:03"
"871e6cb9-2aef-4531-8c3e-d4beab46c850","Peas","198","2024-03-28 02:05:22"
"871e6cb9-2aef-4531-8c3e-d4beab46c850","Peas","439","2024-04-18 08:09:49"
"871e6cb9-2aef-4531-8c3e-d4beab46c850","Peas","1807","2024-03-23 05:43:47"
"585a5707-4197-4b20-b3ec-f2f70fbf05bc","Okra","157","2024-03-10 17:31:41"
"585a5707-4197-4b20-b3ec-f2f70fbf05bc","Okra","416","2024-04-09 11:20:27"
"585a5707-4197-4b20-b3ec-f2f70fbf05bc","Okra","1953","2024-02-25 00:21:42"
"585a5707-4197-4b20-b3ec-f2f70fbf05bc","Okra","1203","2024-04-24 06:57:04"
"585a5707-4197-4b20-b3ec-f2f70fbf05bc","Okra","2672","2024-05-14 14:16:53"
"585a5707-4197-4b20-b3ec-f2f70fbf05bc","Okra","25","2024-03-19 00:20:06"
"585a5707-4197-4b20-b3ec-f2f70fbf05bc","Okra","113","2024-05-05 13:26:10"
"585a5707-4197-4b20-b3ec-f2f70fbf05bc","Okra","888","2024-05-21 13:30:13"
"585a5707-4197-4b20-b3ec-f2f70fbf05bc","Okra","1971","2024-04-21 01:53:50"
"585a5707-4197-4b20-b3ec-f2f70fbf05bc","Okra","969","2024-05-14 02:14:07"
"585a5707-4197-4b20-b3ec-f2f70fbf05bc","Okra","598","2024-05-16 07:41:31"
"585a5707-4197-4b20-b3ec-f2f70fbf05bc","Okra","136","2024-03-20 03:09:32"
"585a5707-4197-4b20-b3ec-f2f70fbf05bc","Okra","2739","2024-02-23 03:14:21"
"585a5707-4197-4b20-b3ec-f2f70fbf05bc","Okra","2096","2024-04-23 06:07:02"
"585a5707-4197-4b20-b3ec-f2f70fbf05bc","Okra","1803","2024-03-10 00:53:48"
"585a5707-4197-4b20-b3ec-f2f70fbf05bc","Okra","664","2024-04-24 08:29:13"
"585a5707-4197-4b20-b3ec-f2f70fbf05bc","Okra","2244","2024-05-16 09:02:10"
"585a5707-4197-4b20-b3ec-f2f70fbf05bc","Okra","1795","2024-04-02 07:36:24"
"585a5707-4197-4b20-b3ec-f2f70fbf05bc","Okra","2016","2024-02-27 19:33:20"
"585a5707-4197-4b20-b3ec-f2f70fbf05bc","Okra","776","2024-03-30 00:29:42"
"8d3ac657-600b-4a90-9eac-5e2729c1b16d","Raspberry","2819","2024-03-27 05:06:39"
"8d3ac657-600b-4a90-9eac-5e2729c1b16d","Raspberry","1688","2024-04-15 07:47:09"
"8d3ac657-600b-4a90-9eac-5e2729c1b16d","Raspberry","2012","2024-05-14 07:36:36"
"8d3ac657-600b-4a90-9eac-5e2729c1b16d","Raspberry","971","2024-05-15 12:00:53"
"8d3ac657-600b-4a90-9eac-5e2729c1b16d","Raspberry","1048","2024-04-10 19:22:25"
"8d3ac657-600b-4a90-9eac-5e2729c1b16d","Raspberry","2488","2024-05-05 04:35:19"
"8d3ac657-600b-4a90-9eac-5e2729c1b16d","Raspberry","1640","2024-05-14 04:28:07"
"8d3ac657-600b-4a90-9eac-5e2729c1b16d","Raspberry","777","2024-03-02 04:48:38"
"8d3ac657-600b-4a90-9eac-5e2729c1b16d","Raspberry","1638","2024-03-03 14:07:55"
"8d3ac657-600b-4a90-9eac-5e2729c1b16d","Raspberry","843","2024-05-16 14:30:31"
"8d3ac657-600b-4a90-9eac-5e2729c1b16d","Raspberry","1165","2024-04-14 03:07:38"
"8d3ac657-600b-4a90-9eac-5e2729c1b16d","Raspberry","1125","2024-05-01 15:28:11"
"8d3ac657-600b-4a90-9eac-5e2729c1b16d","Raspberry","1261","2024-03-10 18:14:25"
"8d3ac657-600b-4a90-9eac-5e2729c1b16d","Raspberry","2911","2024-04-17 19:26:54"
"8d3ac657-600b-4a90-9eac-5e2729c1b16d","Raspberry","1965","2024-03-14 10:07:04"
"8d3ac657-600b-4a90-9eac-5e2729c1b16d","Raspberry","1465","2024-04-15 02:31:17"
"8d3ac657-600b-4a90-9eac-5e2729c1b16d","Raspberry","2723","2024-02-23 03:16:43"
"8d3ac657-600b-4a90-9eac-5e2729c1b16d","Raspberry","269","2024-05-19 08:55:26"
"e1a3857b-902b-4706-8f0d-17b4dedd5acb","Spinach","1873","2024-03-15 07:47:20"
"e1a3857b-902b-4706-8f0d-17b4dedd5acb","Spinach","832","2024-03-25 14:39:11"
"e1a3857b-902b-4706-8f0d-17b4dedd5acb","Spinach","1953","2024-03-18 15:06:54"
"e1a3857b-902b-4706-8f0d-17b4dedd5acb","Spinach","532","2024-04-24 18:44:15"
"e1a3857b-902b-4706-8f0d-17b4dedd5acb","Spinach","1469","2024-04-06 21:32:22"
"e1a3857b-902b-4706-8f0d-17b4dedd5acb","Spinach","1657","2024-04-14 16:47:37"
"e1a3857b-902b-4706-8f0d-17b4dedd5acb","Spinach","2357","2024-05-10 06:08:12"
"e1a3857b-902b-4706-8f0d-17b4dedd5acb","Spinach","1133","2024-05-10 12:28:55"
"e1a3857b-902b-4706-8f0d-17b4dedd5acb","Spinach","1705","2024-02-25 08:37:53"
"e1a3857b-902b-4706-8f0d-17b4dedd5acb","Spinach","2585","2024-04-20 04:48:06"
"e1a3857b-902b-4706-8f0d-17b4dedd5acb","Spinach","1128","2024-05-19 09:46:58"
"e1a3857b-902b-4706-8f0d-17b4dedd5acb","Spinach","1892","2024-03-01 03:40:50"
"e1a3857b-902b-4706-8f0d-17b4dedd5acb","Spinach","1334","2024-05-19 20:03:55"
"e1a3857b-902b-4706-8f0d-17b4dedd5acb","Spinach","600","2024-04-26 08:29:04"
"3d61cd3a-3256-495d-8ac2-26bf4af77ef9","Asian Greens","258","2024-03-05 00:56:17"
"3d61cd3a-3256-495d-8ac2-26bf4af77ef9","Asian Greens","528","2024-03-16 14:58:09"
"3d61cd3a-3256-495d-8ac2-26bf4af77ef9","Asian Greens","2359","2024-03-22 11:49:31"
"3d61cd3a-3256-495d-8ac2-26bf4af77ef9","Asian Greens","2850","2024-03-26 05:24:42"
"3d61cd3a-3256-495d-8ac2-26bf4af77ef9","Asian Greens","1442","2024-04-08 19:37:27"
"3d61cd3a-3256-495d-8ac2-26bf4af77ef9","Asian Greens","782","2024-04-30 22:50:37"
"3d61cd3a-3256-495d-8ac2-26bf4af77ef9","Asian Greens","2131","2024-04-07 22:18:35"
"3d61cd3a-3256-495d-8ac2-26bf4af77ef9","Asian Greens","1552","2024-04-21 09:16:35"
"3d61cd3a-3256-495d-8ac2-26bf4af77ef9","Asian Greens","1550","2024-05-21 16:15:12"
"3d61cd3a-3256-495d-8ac2-26bf4af77ef9","Asian Greens","1673","2024-03-28 09:08:12"
"3d61cd3a-3256-495d-8ac2-26bf4af77ef9","Asian Greens","923","2024-03-28 15:27:11"
"3d61cd3a-3256-495d-8ac2-26bf4af77ef9","Asian Greens","2984","2024-02-26 17:00:05"
"3d61cd3a-3256-495d-8ac2-26bf4af77ef9","Asian Greens","604","2024-03-05 05:26:36"
"3d61cd3a-3256-495d-8ac2-26bf4af77ef9","Asian Greens","1373","2024-03-29 11:26:25"
"3d61cd3a-3256-495d-8ac2-26bf4af77ef9","Asian Greens","109","2024-04-08 22:31:02"
"3d61cd3a-3256-495d-8ac2-26bf4af77ef9","Asian Greens","1512","2024-04-06 17:01:25"
"3d61cd3a-3256-495d-8ac2-26bf4af77ef9","Asian Greens","2474","2024-05-18 04:58:13"
"3d61cd3a-3256-495d-8ac2-26bf4af77ef9","Asian Greens","2990","2024-04-04 17:15:18"
"d68c6eb6-be79-4596-9571-6fbb8c0505a3","Lettuce","514","2024-03-25 02:35:18"
"d68c6eb6-be79-4596-9571-6fbb8c0505a3","Lettuce","2063","2024-04-13 10:27:11"
"d68c6eb6-be79-4596-9571-6fbb8c0505a3","Lettuce","1472","2024-04-13 07:54:06"
"d68c6eb6-be79-4596-9571-6fbb8c0505a3","Lettuce","1574","2024-03-26 13:47:56"
"d68c6eb6-be79-4596-9571-6fbb8c0505a3","Lettuce","1532","2024-03-30 15:32:14"
"811a6a79-91b2-4e35-b83e-e6b32e7c1515","Chives","626","2024-04-11 03:25:30"
"811a6a79-91b2-4e35-b83e-e6b32e7c1515","Chives","1560","2024-03-23 16:23:29"
"811a6a79-91b2-4e35-b83e-e6b32e7c1515","Chives","1032","2024-03-13 19:43:54"
"811a6a79-91b2-4e35-b83e-e6b32e7c1515","Chives","1641","2024-03-17 13:39:17"
"811a6a79-91b2-4e35-b83e-e6b32e7c1515","Chives","365","2024-03-19 15:00:20"
"811a6a79-91b2-4e35-b83e-e6b32e7c1515","Chives","559","2024-02-28 06:32:09"
"c08e7e95-d80d-45f9-bfdb-448c4696d808","Peas","543","2024-02-29 14:47:19"
"c08e7e95-d80d-45f9-bfdb-448c4696d808","Peas","849","2024-03-24 11:37:04"
"c08e7e95-d80d-45f9-bfdb-448c4696d808","Peas","2004","2024-04-30 12:45:33"
"c08e7e95-d80d-45f9-bfdb-448c4696d808","Peas","2390","2024-04-15 04:21:33"
"c08e7e95-d80d-45f9-bfdb-448c4696d808","Peas","2180","2024-04-19 14:14:16"
"c08e7e95-d80d-45f9-bfdb-448c4696d808","Peas","1725","2024-04-14 21:18:40"
"c08e7e95-d80d-45f9-bfdb-448c4696d808","Peas","550","2024-03-15 15:42:30"
"c08e7e95-d80d-45f9-bfdb-448c4696d808","Peas","1019","2024-03-16 21:44:19"
"c08e7e95-d80d-45f9-bfdb-448c4696d808","Peas","116","2024-05-05 15:18:55"
"c08e7e95-d80d-45f9-bfdb-448c4696d808","Peas","2795","2024-04-19 20:58:50"
"c08e7e95-d80d-45f9-bfdb-448c4696d808","Peas","921","2024-03-29 15:19:18"
"c08e7e95-d80d-45f9-bfdb-448c4696d808","Peas","149","2024-02-22 12:32:24"
"c08e7e95-d80d-45f9-bfdb-448c4696d808","Peas","1014","2024-04-22 13:42:08"
"c08e7e95-d80d-45f9-bfdb-448c4696d808","Peas","1083","2024-04-03 13:41:05"
"c08e7e95-d80d-45f9-bfdb-448c4696d808","Peas","2525","2024-05-02 15:22:32"
"c08e7e95-d80d-45f9-bfdb-448c4696d808","Peas","1020","2024-04-06 14:25:20"
"c08e7e95-d80d-45f9-bfdb-448c4696d808","Peas","1068","2024-03-24 11:07:52"
"c08e7e95-d80d-45f9-bfdb-448c4696d808","Peas","1875","2024-03-22 06:43:54"
"d8ef69e2-1bd1-4375-abb4-a692aa4810e5","Garlic","647","2024-05-08 19:26:15"
"d8ef69e2-1bd1-4375-abb4-a692aa4810e5","Garlic","2747","2024-04-08 05:18:32"
"d8ef69e2-1bd1-4375-abb4-a692aa4810e5","Garlic","1703","2024-04-03 15:17:35"
"d8ef69e2-1bd1-4375-abb4-a692aa4810e5","Garlic","1304","2024-04-02 21:55:37"
"d8ef69e2-1bd1-4375-abb4-a692aa4810e5","Garlic","787","2024-05-03 03:36:12"
"d8ef69e2-1bd1-4375-abb4-a692aa4810e5","Garlic","2997","2024-04-22 12:58:11"
"d8ef69e2-1bd1-4375-abb4-a692aa4810e5","Garlic","2886","2024-04-04 11:09:52"
"d8ef69e2-1bd1-4375-abb4-a692aa4810e5","Garlic","651","2024-03-20 04:12:10"
"d8ef69e2-1bd1-4375-abb4-a692aa4810e5","Garlic","2061","2024-04-09 02:30:23"
"d8ef69e2-1bd1-4375-abb4-a692aa4810e5","Garlic","2766","2024-04-08 07:08:31"
"d8ef69e2-1bd1-4375-abb4-a692aa4810e5","Garlic","1365","2024-04-09 21:09:09"
"d8ef69e2-1bd1-4375-abb4-a692aa4810e5","Garlic","1810","2024-03-02 00:17:53"
"d8ef69e2-1bd1-4375-abb4-a692aa4810e5","Garlic","1658","2024-03-15 11:51:04"
"d8ef69e2-1bd1-4375-abb4-a692aa4810e5","Garlic","2493","2024-04-04 22:31:51"
"eec191d9-286b-4f41-b606-7abeb1fca706","Carob Carrot","2659","2024-05-18 08:55:19"
"eec191d9-286b-4f41-b606-7abeb1fca706","Carob Carrot","2511","2024-04-11 10:20:20"
"eec191d9-286b-4f41-b606-7abeb1fca706","Carob Carrot","2338","2024-04-15 00:00:35"
"eec191d9-286b-4f41-b606-7abeb1fca706","Carob Carrot","2534","2024-04-14 21:52:58"
"eec191d9-286b-4f41-b606-7abeb1fca706","Carob Carrot","1833","2024-03-28 09:22:55"
"eec191d9-286b-4f41-b606-7abeb1fca706","Carob Carrot","242","2024-02-27 12:44:09"
"eec191d9-286b-4f41-b606-7abeb1fca706","Carob Carrot","1961","2024-03-25 00:32:47"
"eec191d9-286b-4f41-b606-7abeb1fca706","Carob Carrot","1840","2024-05-18 18:05:38"
"eec191d9-286b-4f41-b606-7abeb1fca706","Carob Carrot","1269","2024-05-02 22:03:47"
"78d80e29-2611-4f93-9582-6bc0cee036ea","Cornichons","903","2024-05-13 00:27:37"
"78d80e29-2611-4f93-9582-6bc0cee036ea","Cornichons","2119","2024-04-13 07:51:18"
"78d80e29-2611-4f93-9582-6bc0cee036ea","Cornichons","2195","2024-03-26 15:52:39"
"78d80e29-2611-4f93-9582-6bc0cee036ea","Cornichons","180","2024-03-10 11:17:39"
"78d80e29-2611-4f93-9582-6bc0cee036ea","Cornichons","2680","2024-05-17 02:38:20"
"78d80e29-2611-4f93-9582-6bc0cee036ea","Cornichons","35","2024-03-20 04:27:06"
"78d80e29-2611-4f93-9582-6bc0cee036ea","Cornichons","118","2024-03-23 16:34:34"
"78d80e29-2611-4f93-9582-6bc0cee036ea","Cornichons","801","2024-04-29 13:28:36"
"78d80e29-2611-4f93-9582-6bc0cee036ea","Cornichons","2327","2024-04-02 22:22:44"
"f351b9de-a4fc-41a3-9367-9e49c24c3ea6","Aubergine","1617","2024-03-21 06:36:40"
"f351b9de-a4fc-41a3-9367-9e49c24c3ea6","Aubergine","1124","2024-04-25 09:18:13"
"f351b9de-a4fc-41a3-9367-9e49c24c3ea6","Aubergine","588","2024-04-16 04:41:40"
"f351b9de-a4fc-41a3-9367-9e49c24c3ea6","Aubergine","2000","2024-03-10 16:17:55"
"f351b9de-a4fc-41a3-9367-9e49c24c3ea6","Aubergine","988","2024-04-26 11:25:13"
"f351b9de-a4fc-41a3-9367-9e49c24c3ea6","Aubergine","570","2024-04-08 04:27:57"
"f351b9de-a4fc-41a3-9367-9e49c24c3ea6","Aubergine","1259","2024-05-03 00:07:19"
"f351b9de-a4fc-41a3-9367-9e49c24c3ea6","Aubergine","766","2024-03-21 21:12:43"
"f351b9de-a4fc-41a3-9367-9e49c24c3ea6","Aubergine","2907","2024-04-20 01:05:34"
"f351b9de-a4fc-41a3-9367-9e49c24c3ea6","Aubergine","1793","2024-04-19 17:42:25"
"f351b9de-a4fc-41a3-9367-9e49c24c3ea6","Aubergine","1661","2024-03-16 05:27:29"
"f351b9de-a4fc-41a3-9367-9e49c24c3ea6","Aubergine","2852","2024-04-24 04:12:24"
"f351b9de-a4fc-41a3-9367-9e49c24c3ea6","Aubergine","1033","2024-04-06 17:29:03"
"f351b9de-a4fc-41a3-9367-9e49c24c3ea6","Aubergine","1014","2024-05-10 20:01:30"
"f7df53a3-231e-46c0-b6b9-67f37b79ca03","Cumquat","1820","2024-03-09 09:48:02"
"f7df53a3-231e-46c0-b6b9-67f37b79ca03","Cumquat","1367","2024-02-29 13:26:58"
"f7df53a3-231e-46c0-b6b9-67f37b79ca03","Cumquat","1391","2024-05-13 16:35:24"
"f7df53a3-231e-46c0-b6b9-67f37b79ca03","Cumquat","2705","2024-02-26 13:15:01"
"f7df53a3-231e-46c0-b6b9-67f37b79ca03","Cumquat","501","2024-04-11 11:31:51"
"f7df53a3-231e-46c0-b6b9-67f37b79ca03","Cumquat","252","2024-03-10 19:19:36"
"f7df53a3-231e-46c0-b6b9-67f37b79ca03","Cumquat","1623","2024-04-27 07:15:24"
"f7df53a3-231e-46c0-b6b9-67f37b79ca03","Cumquat","1059","2024-04-16 16:30:44"
"f7df53a3-231e-46c0-b6b9-67f37b79ca03","Cumquat","654","2024-05-02 14:58:54"
"f7df53a3-231e-46c0-b6b9-67f37b79ca03","Cumquat","1845","2024-04-23 12:58:03"
"c955166e-a7cd-466a-b114-f460d0318306","Currants","1122","2024-03-08 01:40:52"
"c955166e-a7cd-466a-b114-f460d0318306","Currants","715","2024-02-29 00:22:04"
"c955166e-a7cd-466a-b114-f460d0318306","Currants","609","2024-03-13 13:02:45"
"c955166e-a7cd-466a-b114-f460d0318306","Currants","1252","2024-04-21 04:36:31"
"c955166e-a7cd-466a-b114-f460d0318306","Currants","2992","2024-03-06 00:13:05"
"c955166e-a7cd-466a-b114-f460d0318306","Currants","203","2024-02-25 12:48:13"
"c955166e-a7cd-466a-b114-f460d0318306","Currants","2004","2024-05-17 12:30:53"
"c955166e-a7cd-466a-b114-f460d0318306","Currants","1446","2024-02-22 09:53:33"
"c955166e-a7cd-466a-b114-f460d0318306","Currants","2034","2024-03-19 05:36:35"
"c955166e-a7cd-466a-b114-f460d0318306","Currants","2654","2024-02-22 11:42:45"
"c955166e-a7cd-466a-b114-f460d0318306","Currants","1378","2024-03-14 20:17:10"
"c955166e-a7cd-466a-b114-f460d0318306","Currants","899","2024-03-19 22:41:38"
"c955166e-a7cd-466a-b114-f460d0318306","Currants","896","2024-04-03 01:34:07"
"c955166e-a7cd-466a-b114-f460d0318306","Currants","2274","2024-02-25 04:02:01"
"c955166e-a7cd-466a-b114-f460d0318306","Currants","1351","2024-04-28 07:06:53"
"c955166e-a7cd-466a-b114-f460d0318306","Currants","1489","2024-05-18 19:51:33"
"c955166e-a7cd-466a-b114-f460d0318306","Currants","848","2024-02-29 01:58:58"
"c955166e-a7cd-466a-b114-f460d0318306","Currants","1618","2024-02-24 18:45:38"
"c955166e-a7cd-466a-b114-f460d0318306","Currants","2614","2024-04-28 00:41:46"
"c955166e-a7cd-466a-b114-f460d0318306","Currants","278","2024-05-10 17:29:37"
"cf5fa67c-6231-439d-b559-957a12fb9dbc","Rockmelon","515","2024-04-09 02:51:56"
"cf5fa67c-6231-439d-b559-957a12fb9dbc","Rockmelon","934","2024-03-16 19:02:48"
"cf5fa67c-6231-439d-b559-957a12fb9dbc","Rockmelon","1067","2024-05-20 07:32:19"
"cf5fa67c-6231-439d-b559-957a12fb9dbc","Rockmelon","535","2024-03-07 07:50:38"
"cf5fa67c-6231-439d-b559-957a12fb9dbc","Rockmelon","46","2024-04-07 22:02:01"
"cf5fa67c-6231-439d-b559-957a12fb9dbc","Rockmelon","135","2024-04-26 03:33:04"
"cf5fa67c-6231-439d-b559-957a12fb9dbc","Rockmelon","325","2024-05-20 19:45:23"
"a2a74806-b5b0-4f53-b5b4-7c2abf153ff9","Mangosteens","2222","2024-04-14 01:45:28"
"a2a74806-b5b0-4f53-b5b4-7c2abf153ff9","Mangosteens","449","2024-03-30 18:42:42"
"a2a74806-b5b0-4f53-b5b4-7c2abf153ff9","Mangosteens","546","2024-04-06 09:00:41"
"a2a74806-b5b0-4f53-b5b4-7c2abf153ff9","Mangosteens","701","2024-04-19 18:07:53"
"a2a74806-b5b0-4f53-b5b4-7c2abf153ff9","Mangosteens","2562","2024-05-21 04:10:36"
"c69a756a-b0e1-4941-bc58-618ec56e7a4f","Aubergine","2777","2024-05-20 19:23:20"
"c69a756a-b0e1-4941-bc58-618ec56e7a4f","Aubergine","2410","2024-04-29 18:10:57"
"c69a756a-b0e1-4941-bc58-618ec56e7a4f","Aubergine","1796","2024-03-02 20:36:01"
"c69a756a-b0e1-4941-bc58-618ec56e7a4f","Aubergine","2758","2024-03-11 19:09:52"
"c69a756a-b0e1-4941-bc58-618ec56e7a4f","Aubergine","762","2024-03-26 19:28:50"
"c69a756a-b0e1-4941-bc58-618ec56e7a4f","Aubergine","2249","2024-03-05 10:08:51"
"c69a756a-b0e1-4941-bc58-618ec56e7a4f","Aubergine","128","2024-03-31 13:46:48"
"0fb166ca-ba10-4865-acfe-7cc767aef65e","Sprouts","164","2024-03-08 17:32:50"
"0fb166ca-ba10-4865-acfe-7cc767aef65e","Sprouts","2692","2024-05-20 12:19:20"
"0fb166ca-ba10-4865-acfe-7cc767aef65e","Sprouts","2684","2024-04-04 08:49:05"
"0fb166ca-ba10-4865-acfe-7cc767aef65e","Sprouts","1724","2024-03-29 19:58:21"
"0fb166ca-ba10-4865-acfe-7cc767aef65e","Sprouts","1192","2024-05-11 03:56:34"
"0fb166ca-ba10-4865-acfe-7cc767aef65e","Sprouts","2816","2024-03-22 05:58:04"
"0fb166ca-ba10-4865-acfe-7cc767aef65e","Sprouts","477","2024-05-20 20:49:17"
"0fb166ca-ba10-4865-acfe-7cc767aef65e","Sprouts","176","2024-02-25 01:37:55"
"0fb166ca-ba10-4865-acfe-7cc767aef65e","Sprouts","2228","2024-03-06 20:24:50"
"0fb166ca-ba10-4865-acfe-7cc767aef65e","Sprouts","958","2024-03-19 07:08:38"
"62584203-14fc-430e-9154-cdd02f07b594","Custard Apples Daikon","1242","2024-03-08 03:53:04"
"62584203-14fc-430e-9154-cdd02f07b594","Custard Apples Daikon","1152","2024-04-28 00:52:23"
"62584203-14fc-430e-9154-cdd02f07b594","Custard Apples Daikon","2919","2024-05-07 08:31:48"
"62584203-14fc-430e-9154-cdd02f07b594","Custard Apples Daikon","1907","2024-04-07 15:19:15"
"62584203-14fc-430e-9154-cdd02f07b594","Custard Apples Daikon","2909","2024-04-04 00:48:10"
"62584203-14fc-430e-9154-cdd02f07b594","Custard Apples Daikon","2048","2024-05-12 12:20:10"
"62584203-14fc-430e-9154-cdd02f07b594","Custard Apples Daikon","125","2024-03-27 04:07:34"
"62584203-14fc-430e-9154-cdd02f07b594","Custard Apples Daikon","1863","2024-04-26 02:26:01"
"62584203-14fc-430e-9154-cdd02f07b594","Custard Apples Daikon","2881","2024-03-27 22:38:12"
"62584203-14fc-430e-9154-cdd02f07b594","Custard Apples Daikon","609","2024-05-04 18:49:48"
"a67095fa-32e0-412d-9794-f602353a0c6e","Passionfruit","1630","2024-03-29 00:35:39"
"a67095fa-32e0-412d-9794-f602353a0c6e","Passionfruit","1881","2024-03-25 04:49:41"
"a67095fa-32e0-412d-9794-f602353a0c6e","Passionfruit","688","2024-02-24 12:22:12"
"a67095fa-32e0-412d-9794-f602353a0c6e","Passionfruit","1517","2024-03-10 07:07:25"
"a67095fa-32e0-412d-9794-f602353a0c6e","Passionfruit","938","2024-03-07 05:55:50"
"a67095fa-32e0-412d-9794-f602353a0c6e","Passionfruit","1120","2024-03-13 19:19:01"
"9076dc32-dd1a-4086-8595-b74d6759d950","Starfruit","2094","2024-04-08 09:54:55"
"9076dc32-dd1a-4086-8595-b74d6759d950","Starfruit","361","2024-03-27 16:20:37"
"9076dc32-dd1a-4086-8595-b74d6759d950","Starfruit","373","2024-05-16 11:04:44"
"9076dc32-dd1a-4086-8595-b74d6759d950","Starfruit","1277","2024-03-26 04:45:50"
"9076dc32-dd1a-4086-8595-b74d6759d950","Starfruit","2444","2024-02-23 20:23:34"
"9076dc32-dd1a-4086-8595-b74d6759d950","Starfruit","1821","2024-05-13 13:09:47"
"9076dc32-dd1a-4086-8595-b74d6759d950","Starfruit","2168","2024-04-09 03:13:13"
"9076dc32-dd1a-4086-8595-b74d6759d950","Starfruit","2948","2024-04-13 13:06:36"
"9076dc32-dd1a-4086-8595-b74d6759d950","Starfruit","1833","2024-04-19 19:11:43"
"9076dc32-dd1a-4086-8595-b74d6759d950","Starfruit","841","2024-04-15 02:52:28"
"9076dc32-dd1a-4086-8595-b74d6759d950","Starfruit","1785","2024-05-21 20:41:23"
"9076dc32-dd1a-4086-8595-b74d6759d950","Starfruit","1690","2024-04-29 15:15:46"
"9076dc32-dd1a-4086-8595-b74d6759d950","Starfruit","719","2024-04-02 03:28:01"
"9076dc32-dd1a-4086-8595-b74d6759d950","Starfruit","374","2024-04-13 15:40:54"
"9076dc32-dd1a-4086-8595-b74d6759d950","Starfruit","738","2024-05-06 13:28:13"
"9076dc32-dd1a-4086-8595-b74d6759d950","Starfruit","452","2024-02-24 09:03:44"
"9076dc32-dd1a-4086-8595-b74d6759d950","Starfruit","671","2024-03-20 21:46:07"
"9076dc32-dd1a-4086-8595-b74d6759d950","Starfruit","1955","2024-04-02 19:45:26"
"9076dc32-dd1a-4086-8595-b74d6759d950","Starfruit","1245","2024-03-24 18:40:36"
"9076dc32-dd1a-4086-8595-b74d6759d950","Starfruit","788","2024-03-13 13:22:48"
"9076dc32-dd1a-4086-8595-b74d6759d950","Starfruit","2418","2024-04-17 07:21:56"
"3c046ea1-0c3c-414b-afcc-80dd86f777b4","Melon","1220","2024-03-09 22:12:56"
"3c046ea1-0c3c-414b-afcc-80dd86f777b4","Melon","2588","2024-03-05 20:28:40"
"3c046ea1-0c3c-414b-afcc-80dd86f777b4","Melon","1796","2024-03-23 16:38:56"
"3c046ea1-0c3c-414b-afcc-80dd86f777b4","Melon","2705","2024-05-05 18:22:54"
"3c046ea1-0c3c-414b-afcc-80dd86f777b4","Melon","2497","2024-02-27 11:29:00"
"3c046ea1-0c3c-414b-afcc-80dd86f777b4","Melon","219","2024-03-26 06:33:54"
"3c046ea1-0c3c-414b-afcc-80dd86f777b4","Melon","2796","2024-05-10 15:25:45"
"3c046ea1-0c3c-414b-afcc-80dd86f777b4","Melon","1439","2024-04-20 14:41:15"
"3c046ea1-0c3c-414b-afcc-80dd86f777b4","Melon","2654","2024-03-23 04:31:05"
"3c046ea1-0c3c-414b-afcc-80dd86f777b4","Melon","813","2024-02-23 06:42:08"
"3c046ea1-0c3c-414b-afcc-80dd86f777b4","Melon","2844","2024-05-05 14:25:42"
"3c046ea1-0c3c-414b-afcc-80dd86f777b4","Melon","1581","2024-03-19 15:12:51"
"3c046ea1-0c3c-414b-afcc-80dd86f777b4","Melon","1870","2024-02-22 11:32:07"
"3c046ea1-0c3c-414b-afcc-80dd86f777b4","Melon","2016","2024-05-18 07:13:01"
"3c046ea1-0c3c-414b-afcc-80dd86f777b4","Melon","516","2024-03-30 17:26:30"
"3c046ea1-0c3c-414b-afcc-80dd86f777b4","Melon","2228","2024-04-15 11:36:31"
"688d36b3-e996-4d4a-a982-4dfac10bc814","Dried Apricots","2012","2024-03-16 19:00:40"
"688d36b3-e996-4d4a-a982-4dfac10bc814","Dried Apricots","266","2024-04-08 22:08:32"
"688d36b3-e996-4d4a-a982-4dfac10bc814","Dried Apricots","2393","2024-03-24 12:41:56"
"688d36b3-e996-4d4a-a982-4dfac10bc814","Dried Apricots","788","2024-04-03 17:15:46"
"688d36b3-e996-4d4a-a982-4dfac10bc814","Dried Apricots","2159","2024-05-08 00:15:37"
"688d36b3-e996-4d4a-a982-4dfac10bc814","Dried Apricots","645","2024-03-10 07:07:02"
"688d36b3-e996-4d4a-a982-4dfac10bc814","Dried Apricots","798","2024-03-29 18:01:04"
"688d36b3-e996-4d4a-a982-4dfac10bc814","Dried Apricots","2174","2024-02-26 08:55:47"
"688d36b3-e996-4d4a-a982-4dfac10bc814","Dried Apricots","857","2024-04-25 08:14:21"
"688d36b3-e996-4d4a-a982-4dfac10bc814","Dried Apricots","2039","2024-04-08 11:09:36"
"688d36b3-e996-4d4a-a982-4dfac10bc814","Dried Apricots","2609","2024-02-28 12:34:14"
"688d36b3-e996-4d4a-a982-4dfac10bc814","Dried Apricots","2548","2024-03-05 17:23:49"
"688d36b3-e996-4d4a-a982-4dfac10bc814","Dried Apricots","630","2024-04-04 22:49:52"
"331072c0-a534-43fa-8138-a51057494f70","Grapefruit","2888","2024-05-01 18:39:42"
"331072c0-a534-43fa-8138-a51057494f70","Grapefruit","170","2024-03-16 11:44:47"
"331072c0-a534-43fa-8138-a51057494f70","Grapefruit","435","2024-05-21 16:33:25"
"331072c0-a534-43fa-8138-a51057494f70","Grapefruit","2769","2024-03-25 17:50:36"
"331072c0-a534-43fa-8138-a51057494f70","Grapefruit","564","2024-02-27 22:13:46"
"331072c0-a534-43fa-8138-a51057494f70","Grapefruit","343","2024-02-26 15:29:50"
"331072c0-a534-43fa-8138-a51057494f70","Grapefruit","243","2024-03-22 11:18:03"
"331072c0-a534-43fa-8138-a51057494f70","Grapefruit","2259","2024-03-17 19:21:54"
"331072c0-a534-43fa-8138-a51057494f70","Grapefruit","287","2024-03-26 08:25:13"
"331072c0-a534-43fa-8138-a51057494f70","Grapefruit","1093","2024-04-14 07:02:02"
"ac62b2cd-4a71-4ca8-833d-2ab7ff467a40","Loquats","2910","2024-02-23 21:41:27"
"ac62b2cd-4a71-4ca8-833d-2ab7ff467a40","Loquats","446","2024-05-16 12:21:24"
"ac62b2cd-4a71-4ca8-833d-2ab7ff467a40","Loquats","1829","2024-02-22 09:11:48"
"ac62b2cd-4a71-4ca8-833d-2ab7ff467a40","Loquats","1613","2024-03-11 09:42:37"
"ac62b2cd-4a71-4ca8-833d-2ab7ff467a40","Loquats","1186","2024-03-18 16:55:43"
"ac62b2cd-4a71-4ca8-833d-2ab7ff467a40","Loquats","1065","2024-05-02 13:35:49"
"ac62b2cd-4a71-4ca8-833d-2ab7ff467a40","Loquats","1450","2024-04-22 17:05:31"
"ac62b2cd-4a71-4ca8-833d-2ab7ff467a40","Loquats","1372","2024-03-22 10:47:51"
"ac62b2cd-4a71-4ca8-833d-2ab7ff467a40","Loquats","808","2024-03-25 06:09:41"
"ac62b2cd-4a71-4ca8-833d-2ab7ff467a40","Loquats","554","2024-03-26 17:04:54"
"ac62b2cd-4a71-4ca8-833d-2ab7ff467a40","Loquats","2740","2024-03-04 06:41:01"
"ac62b2cd-4a71-4ca8-833d-2ab7ff467a40","Loquats","563","2024-04-28 12:21:35"
"ac62b2cd-4a71-4ca8-833d-2ab7ff467a40","Loquats","915","2024-02-24 21:14:53"
"ac62b2cd-4a71-4ca8-833d-2ab7ff467a40","Loquats","151","2024-04-29 03:00:27"
"789cd4a4-0dff-4d8c-8274-b998bd98af1f","Butternut pumpkin","2836","2024-04-21 02:12:39"
"789cd4a4-0dff-4d8c-8274-b998bd98af1f","Butternut pumpkin","1111","2024-04-03 05:17:31"
"789cd4a4-0dff-4d8c-8274-b998bd98af1f","Butternut pumpkin","4","2024-03-02 14:43:54"
"789cd4a4-0dff-4d8c-8274-b998bd98af1f","Butternut pumpkin","2205","2024-03-31 21:19:28"
"789cd4a4-0dff-4d8c-8274-b998bd98af1f","Butternut pumpkin","2474","2024-05-18 21:49:33"
"2c57816a-29dc-4fd0-b95e-4870004ec59f","Papaya","841","2024-05-02 02:55:54"
"2c57816a-29dc-4fd0-b95e-4870004ec59f","Papaya","2425","2024-05-15 21:04:52"
"2c57816a-29dc-4fd0-b95e-4870004ec59f","Papaya","1766","2024-03-12 08:30:28"
"2c57816a-29dc-4fd0-b95e-4870004ec59f","Papaya","1094","2024-04-13 10:35:45"
"2c57816a-29dc-4fd0-b95e-4870004ec59f","Papaya","1212","2024-04-21 14:49:27"
"2c57816a-29dc-4fd0-b95e-4870004ec59f","Papaya","540","2024-02-25 03:04:19"
"2c57816a-29dc-4fd0-b95e-4870004ec59f","Papaya","488","2024-04-03 08:55:41"
"b3c81080-a550-4120-98c0-1065d62cc8e7","Bush Tomato","1345","2024-03-13 17:35:29"
"b3c81080-a550-4120-98c0-1065d62cc8e7","Bush Tomato","2933","2024-03-04 09:05:48"
"b3c81080-a550-4120-98c0-1065d62cc8e7","Bush Tomato","64","2024-03-03 08:36:14"
"b3c81080-a550-4120-98c0-1065d62cc8e7","Bush Tomato","2377","2024-03-02 15:27:29"
"b3c81080-a550-4120-98c0-1065d62cc8e7","Bush Tomato","632","2024-02-24 17:04:03"
"b3c81080-a550-4120-98c0-1065d62cc8e7","Bush Tomato","142","2024-02-28 16:43:42"
"b3c81080-a550-4120-98c0-1065d62cc8e7","Bush Tomato","2304","2024-04-01 05:21:44"
"b3c81080-a550-4120-98c0-1065d62cc8e7","Bush Tomato","743","2024-03-07 16:12:18"
"b3c81080-a550-4120-98c0-1065d62cc8e7","Bush Tomato","1048","2024-05-04 00:40:05"
"b3c81080-a550-4120-98c0-1065d62cc8e7","Bush Tomato","2366","2024-04-27 02:24:17"
"b3c81080-a550-4120-98c0-1065d62cc8e7","Bush Tomato","225","2024-04-10 19:30:17"
"b3c81080-a550-4120-98c0-1065d62cc8e7","Bush Tomato","2579","2024-04-10 20:51:11"
"b3c81080-a550-4120-98c0-1065d62cc8e7","Bush Tomato","40","2024-05-16 07:42:49"
"b3c81080-a550-4120-98c0-1065d62cc8e7","Bush Tomato","1010","2024-03-11 20:23:34"
"b3c81080-a550-4120-98c0-1065d62cc8e7","Bush Tomato","1588","2024-03-29 08:57:52"
"b3c81080-a550-4120-98c0-1065d62cc8e7","Bush Tomato","2084","2024-03-27 01:00:44"
"6c5e2432-0bf2-4ec0-864a-466d05ddb4b2","Mango","354","2024-02-28 15:29:29"
"6c5e2432-0bf2-4ec0-864a-466d05ddb4b2","Mango","2235","2024-05-15 16:04:41"
"6c5e2432-0bf2-4ec0-864a-466d05ddb4b2","Mango","2162","2024-03-22 15:42:05"
"6c5e2432-0bf2-4ec0-864a-466d05ddb4b2","Mango","1569","2024-02-23 15:49:42"
"6c5e2432-0bf2-4ec0-864a-466d05ddb4b2","Mango","2978","2024-04-16 06:18:57"
"6c5e2432-0bf2-4ec0-864a-466d05ddb4b2","Mango","1930","2024-05-17 14:39:55"
"6c5e2432-0bf2-4ec0-864a-466d05ddb4b2","Mango","1282","2024-03-15 12:30:29"
"6c5e2432-0bf2-4ec0-864a-466d05ddb4b2","Mango","2204","2024-05-18 08:23:01"
"6c5e2432-0bf2-4ec0-864a-466d05ddb4b2","Mango","1607","2024-03-18 08:29:25"
"6c5e2432-0bf2-4ec0-864a-466d05ddb4b2","Mango","887","2024-03-15 20:15:04"
"6c5e2432-0bf2-4ec0-864a-466d05ddb4b2","Mango","2974","2024-04-03 02:58:00"
"6c5e2432-0bf2-4ec0-864a-466d05ddb4b2","Mango","715","2024-05-09 09:37:31"
"88950782-c803-4f75-a39d-54ed91e4c7ec","Dragonfruit","460","2024-04-10 11:09:44"
"88950782-c803-4f75-a39d-54ed91e4c7ec","Dragonfruit","1854","2024-03-09 05:37:54"
"88950782-c803-4f75-a39d-54ed91e4c7ec","Dragonfruit","2974","2024-03-01 13:56:56"
"88950782-c803-4f75-a39d-54ed91e4c7ec","Dragonfruit","1570","2024-05-09 21:08:47"
"88950782-c803-4f75-a39d-54ed91e4c7ec","Dragonfruit","781","2024-05-19 11:19:26"
"88950782-c803-4f75-a39d-54ed91e4c7ec","Dragonfruit","1150","2024-03-24 17:58:40"
"88950782-c803-4f75-a39d-54ed91e4c7ec","Dragonfruit","2448","2024-05-08 18:58:44"
"88950782-c803-4f75-a39d-54ed91e4c7ec","Dragonfruit","2084","2024-03-18 15:31:47"
"88950782-c803-4f75-a39d-54ed91e4c7ec","Dragonfruit","1650","2024-03-20 14:04:51"
"88950782-c803-4f75-a39d-54ed91e4c7ec","Dragonfruit","716","2024-05-14 15:55:51"
"88950782-c803-4f75-a39d-54ed91e4c7ec","Dragonfruit","2253","2024-03-12 13:21:24"
"88950782-c803-4f75-a39d-54ed91e4c7ec","Dragonfruit","35","2024-04-20 12:29:25"
"88950782-c803-4f75-a39d-54ed91e4c7ec","Dragonfruit","1863","2024-02-22 19:21:48"
"88950782-c803-4f75-a39d-54ed91e4c7ec","Dragonfruit","626","2024-03-09 03:52:05"
"88950782-c803-4f75-a39d-54ed91e4c7ec","Dragonfruit","2828","2024-04-14 02:23:17"
"88950782-c803-4f75-a39d-54ed91e4c7ec","Dragonfruit","731","2024-04-03 01:58:53"
"88950782-c803-4f75-a39d-54ed91e4c7ec","Dragonfruit","1028","2024-02-23 12:58:33"
"88950782-c803-4f75-a39d-54ed91e4c7ec","Dragonfruit","639","2024-04-20 17:51:56"
"27cab294-627b-47d1-abff-e94b0ccb1e31","Strong Pie","448","2024-04-05 03:57:31"
"27cab294-627b-47d1-abff-e94b0ccb1e31","Strong Pie","1085","2024-04-05 14:16:23"
"27cab294-627b-47d1-abff-e94b0ccb1e31","Strong Pie","618","2024-04-07 22:21:58"
"27cab294-627b-47d1-abff-e94b0ccb1e31","Strong Pie","2659","2024-05-16 02:01:39"
"27cab294-627b-47d1-abff-e94b0ccb1e31","Strong Pie","329","2024-04-29 10:46:44"
"27cab294-627b-47d1-abff-e94b0ccb1e31","Strong Pie","2516","2024-05-07 14:48:15"
"27cab294-627b-47d1-abff-e94b0ccb1e31","Strong Pie","2482","2024-05-17 11:14:01"
"27cab294-627b-47d1-abff-e94b0ccb1e31","Strong Pie","105","2024-04-04 21:00:07"
"27cab294-627b-47d1-abff-e94b0ccb1e31","Strong Pie","196","2024-03-27 05:55:49"
"72ad47e7-ff0d-4eec-b79a-7cd499d80bf5","Holiday Cup","1387","2024-04-17 02:53:12"
"fe267b25-4012-43b2-adc3-b64a8879f90e","Blacktop Cup","2358","2024-04-11 14:27:02"
"fe267b25-4012-43b2-adc3-b64a8879f90e","Blacktop Cup","494","2024-05-18 11:30:28"
"fe267b25-4012-43b2-adc3-b64a8879f90e","Blacktop Cup","2799","2024-03-31 13:56:01"
"fe267b25-4012-43b2-adc3-b64a8879f90e","Blacktop Cup","2108","2024-03-05 21:34:42"
"fe267b25-4012-43b2-adc3-b64a8879f90e","Blacktop Cup","2452","2024-05-03 09:33:55"
"fe267b25-4012-43b2-adc3-b64a8879f90e","Blacktop Cup","1035","2024-05-13 08:40:48"
"fe267b25-4012-43b2-adc3-b64a8879f90e","Blacktop Cup","706","2024-05-21 16:28:56"
"fe267b25-4012-43b2-adc3-b64a8879f90e","Blacktop Cup","2507","2024-04-15 01:50:06"
"fe267b25-4012-43b2-adc3-b64a8879f90e","Blacktop Cup","616","2024-03-23 03:07:31"
"fe267b25-4012-43b2-adc3-b64a8879f90e","Blacktop Cup","2073","2024-05-03 02:25:01"
"fe267b25-4012-43b2-adc3-b64a8879f90e","Blacktop Cup","1925","2024-03-23 01:13:15"
"fe267b25-4012-43b2-adc3-b64a8879f90e","Blacktop Cup","2260","2024-03-28 02:22:32"
"fe267b25-4012-43b2-adc3-b64a8879f90e","Blacktop Cup","495","2024-03-02 02:42:47"
"fe267b25-4012-43b2-adc3-b64a8879f90e","Blacktop Cup","1806","2024-05-06 20:15:42"
"fe267b25-4012-43b2-adc3-b64a8879f90e","Blacktop Cup","2946","2024-03-04 02:31:19"
"fe267b25-4012-43b2-adc3-b64a8879f90e","Blacktop Cup","2856","2024-04-01 22:14:25"
"fe267b25-4012-43b2-adc3-b64a8879f90e","Blacktop Cup","2184","2024-05-17 12:39:41"
"c8928593-7707-4c34-9382-49105439a856","Major Volcano","287","2024-04-17 04:42:10"
"c8928593-7707-4c34-9382-49105439a856","Major Volcano","1007","2024-03-25 00:51:32"
"c8928593-7707-4c34-9382-49105439a856","Major Volcano","2873","2024-04-19 05:33:27"
"c8928593-7707-4c34-9382-49105439a856","Major Volcano","2508","2024-03-11 22:57:32"
"c8928593-7707-4c34-9382-49105439a856","Major Volcano","1579","2024-03-05 03:47:53"
"a03f782e-f26b-4a5a-9b6e-e968b7803c91","Blue Symphony","66","2024-04-18 12:39:23"
"a03f782e-f26b-4a5a-9b6e-e968b7803c91","Blue Symphony","2061","2024-04-13 20:01:12"
"a03f782e-f26b-4a5a-9b6e-e968b7803c91","Blue Symphony","2208","2024-04-30 04:11:57"
"a03f782e-f26b-4a5a-9b6e-e968b7803c91","Blue Symphony","1533","2024-04-07 10:36:38"
"03a14a01-c5d4-467d-944d-7ea184f6da49","Summer Solstice","2292","2024-04-28 08:54:07"
"03a14a01-c5d4-467d-944d-7ea184f6da49","Summer Solstice","2698","2024-03-29 02:28:33"
"03a14a01-c5d4-467d-944d-7ea184f6da49","Summer Solstice","2904","2024-03-12 04:46:58"
"03a14a01-c5d4-467d-944d-7ea184f6da49","Summer Solstice","2746","2024-05-10 18:57:09"
"03a14a01-c5d4-467d-944d-7ea184f6da49","Summer Solstice","711","2024-02-23 17:06:33"
"03a14a01-c5d4-467d-944d-7ea184f6da49","Summer Solstice","1584","2024-04-02 03:40:46"
"03a14a01-c5d4-467d-944d-7ea184f6da49","Summer Solstice","2897","2024-04-29 16:23:15"
"03a14a01-c5d4-467d-944d-7ea184f6da49","Summer Solstice","225","2024-04-11 09:28:31"
"03a14a01-c5d4-467d-944d-7ea184f6da49","Summer Solstice","1698","2024-03-14 00:02:47"
"03a14a01-c5d4-467d-944d-7ea184f6da49","Summer Solstice","1798","2024-05-17 16:04:42"
"03a14a01-c5d4-467d-944d-7ea184f6da49","Summer Solstice","1242","2024-04-18 11:19:03"
"03a14a01-c5d4-467d-944d-7ea184f6da49","Summer Solstice","1054","2024-03-20 21:46:17"
"03a14a01-c5d4-467d-944d-7ea184f6da49","Summer Solstice","910","2024-05-18 03:41:24"
"03a14a01-c5d4-467d-944d-7ea184f6da49","Summer Solstice","853","2024-04-20 06:10:44"
"03a14a01-c5d4-467d-944d-7ea184f6da49","Summer Solstice","1626","2024-03-06 01:10:09"
"bdca9662-3c53-453c-87c6-21e5d378c7ed","Good-morning Choice","1380","2024-03-21 01:30:05"
"bdca9662-3c53-453c-87c6-21e5d378c7ed","Good-morning Choice","877","2024-05-10 03:15:06"
"bdca9662-3c53-453c-87c6-21e5d378c7ed","Good-morning Choice","2873","2024-03-13 08:22:14"
"bdca9662-3c53-453c-87c6-21e5d378c7ed","Good-morning Choice","2686","2024-04-25 09:41:03"
"c78fdff9-9576-4b95-829d-0ad7133be911","The Captain's Breaker","2796","2024-03-04 06:22:13"
"c78fdff9-9576-4b95-829d-0ad7133be911","The Captain's Breaker","1103","2024-03-28 16:18:02"
"c78fdff9-9576-4b95-829d-0ad7133be911","The Captain's Breaker","2339","2024-04-29 04:01:54"
"c78fdff9-9576-4b95-829d-0ad7133be911","The Captain's Breaker","2766","2024-04-06 16:36:25"
"c78fdff9-9576-4b95-829d-0ad7133be911","The Captain's Breaker","1674","2024-03-30 15:50:17"
"c78fdff9-9576-4b95-829d-0ad7133be911","The Captain's Breaker","1974","2024-05-14 06:35:14"
"c78fdff9-9576-4b95-829d-0ad7133be911","The Captain's Breaker","1300","2024-05-14 02:03:28"
"c78fdff9-9576-4b95-829d-0ad7133be911","The Captain's Breaker","2873","2024-04-21 00:41:50"
"c78fdff9-9576-4b95-829d-0ad7133be911","The Captain's Breaker","704","2024-02-24 17:36:52"
"c78fdff9-9576-4b95-829d-0ad7133be911","The Captain's Breaker","1673","2024-04-03 06:23:28"
"7161b4e1-53fe-4d08-8dda-0aebffcd8c9f","Melty America","1012","2024-04-05 11:33:49"
"7161b4e1-53fe-4d08-8dda-0aebffcd8c9f","Melty America","1840","2024-05-14 08:33:33"
"7161b4e1-53fe-4d08-8dda-0aebffcd8c9f","Melty America","1936","2024-04-17 11:42:11"
"7161b4e1-53fe-4d08-8dda-0aebffcd8c9f","Melty America","2845","2024-04-23 14:39:54"
"7161b4e1-53fe-4d08-8dda-0aebffcd8c9f","Melty America","2735","2024-04-03 13:56:38"
"7161b4e1-53fe-4d08-8dda-0aebffcd8c9f","Melty America","2399","2024-05-21 07:37:11"
"7161b4e1-53fe-4d08-8dda-0aebffcd8c9f","Melty America","2020","2024-04-19 13:47:41"
"7161b4e1-53fe-4d08-8dda-0aebffcd8c9f","Melty America","1932","2024-05-19 14:13:14"
"7161b4e1-53fe-4d08-8dda-0aebffcd8c9f","Melty America","2856","2024-04-27 21:23:15"
"7161b4e1-53fe-4d08-8dda-0aebffcd8c9f","Melty America","390","2024-05-03 05:33:57"
"7161b4e1-53fe-4d08-8dda-0aebffcd8c9f","Melty America","1106","2024-03-22 10:14:01"
"7161b4e1-53fe-4d08-8dda-0aebffcd8c9f","Melty America","569","2024-03-22 03:09:36"
"8d0e5891-5b76-49d9-9957-3a01d1319413","Heart Blend","2806","2024-04-03 22:01:45"
"8d0e5891-5b76-49d9-9957-3a01d1319413","Heart Blend","39","2024-05-08 20:35:47"
"8d0e5891-5b76-49d9-9957-3a01d1319413","Heart Blend","662","2024-04-26 22:04:14"
"8d0e5891-5b76-49d9-9957-3a01d1319413","Heart Blend","969","2024-04-29 05:49:06"
"8d0e5891-5b76-49d9-9957-3a01d1319413","Heart Blend","1836","2024-05-20 06:35:05"
"8d0e5891-5b76-49d9-9957-3a01d1319413","Heart Blend","2797","2024-02-22 19:17:22"
"8d0e5891-5b76-49d9-9957-3a01d1319413","Heart Blend","1915","2024-04-01 16:41:44"
"8d0e5891-5b76-49d9-9957-3a01d1319413","Heart Blend","1651","2024-05-14 03:26:46"
"8d0e5891-5b76-49d9-9957-3a01d1319413","Heart Blend","185","2024-03-19 04:47:57"
"8d0e5891-5b76-49d9-9957-3a01d1319413","Heart Blend","82","2024-04-09 04:25:44"
"8d0e5891-5b76-49d9-9957-3a01d1319413","Heart Blend","1295","2024-05-18 00:49:11"
"8d0e5891-5b76-49d9-9957-3a01d1319413","Heart Blend","2575","2024-05-02 00:17:45"
"8d0e5891-5b76-49d9-9957-3a01d1319413","Heart Blend","2532","2024-03-27 05:36:09"
"8d0e5891-5b76-49d9-9957-3a01d1319413","Heart Blend","2985","2024-04-27 04:14:17"
"8d0e5891-5b76-49d9-9957-3a01d1319413","Heart Blend","1293","2024-03-23 12:21:52"
"12e814ee-658a-4dd4-a9b1-b4307709a86c","Melty Level","595","2024-03-18 01:55:19"
"12e814ee-658a-4dd4-a9b1-b4307709a86c","Melty Level","445","2024-03-03 19:31:22"
"12e814ee-658a-4dd4-a9b1-b4307709a86c","Melty Level","497","2024-03-31 04:54:11"
"12e814ee-658a-4dd4-a9b1-b4307709a86c","Melty Level","1974","2024-04-22 18:31:03"
"12e814ee-658a-4dd4-a9b1-b4307709a86c","Melty Level","2211","2024-03-28 00:02:37"
"12e814ee-658a-4dd4-a9b1-b4307709a86c","Melty Level","2078","2024-03-30 01:09:17"
"12e814ee-658a-4dd4-a9b1-b4307709a86c","Melty Level","2003","2024-03-09 01:50:20"
"12e814ee-658a-4dd4-a9b1-b4307709a86c","Melty Level","1230","2024-05-03 21:56:50"
"12e814ee-658a-4dd4-a9b1-b4307709a86c","Melty Level","2654","2024-04-18 13:58:46"
"12e814ee-658a-4dd4-a9b1-b4307709a86c","Melty Level","2362","2024-05-14 02:27:03"
"12e814ee-658a-4dd4-a9b1-b4307709a86c","Melty Level","1496","2024-03-08 21:53:20"
"a6a2981e-e383-42c7-a6e7-cee38c4539e0","Thanksgiving Utopia","1154","2024-04-05 07:24:44"
"a6a2981e-e383-42c7-a6e7-cee38c4539e0","Thanksgiving Utopia","749","2024-03-17 20:08:47"
"a6a2981e-e383-42c7-a6e7-cee38c4539e0","Thanksgiving Utopia","296","2024-03-20 21:56:11"
"a6a2981e-e383-42c7-a6e7-cee38c4539e0","Thanksgiving Utopia","611","2024-03-01 21:52:25"
"a6a2981e-e383-42c7-a6e7-cee38c4539e0","Thanksgiving Utopia","2848","2024-04-19 02:13:41"
"007596a9-44aa-40d6-a586-39e705c18e45","Express Star","1489","2024-04-17 06:48:24"
"007596a9-44aa-40d6-a586-39e705c18e45","Express Star","2881","2024-03-22 11:38:37"
"007596a9-44aa-40d6-a586-39e705c18e45","Express Star","2766","2024-04-11 07:48:05"
"007596a9-44aa-40d6-a586-39e705c18e45","Express Star","2841","2024-03-19 12:31:27"
"007596a9-44aa-40d6-a586-39e705c18e45","Express Star","1836","2024-04-07 10:04:48"
"007596a9-44aa-40d6-a586-39e705c18e45","Express Star","2271","2024-05-21 04:47:30"
"007596a9-44aa-40d6-a586-39e705c18e45","Express Star","12","2024-05-17 02:05:48"
"007596a9-44aa-40d6-a586-39e705c18e45","Express Star","2927","2024-04-13 15:53:14"
"007596a9-44aa-40d6-a586-39e705c18e45","Express Star","1044","2024-02-29 14:31:22"
"007596a9-44aa-40d6-a586-39e705c18e45","Express Star","1370","2024-04-19 07:38:42"
"007596a9-44aa-40d6-a586-39e705c18e45","Express Star","2569","2024-03-19 17:51:56"
"007596a9-44aa-40d6-a586-39e705c18e45","Express Star","2634","2024-05-01 16:39:24"
"007596a9-44aa-40d6-a586-39e705c18e45","Express Star","2810","2024-04-12 08:23:02"
"007596a9-44aa-40d6-a586-39e705c18e45","Express Star","93","2024-04-21 16:41:11"
"007596a9-44aa-40d6-a586-39e705c18e45","Express Star","1176","2024-03-26 22:04:09"
"007596a9-44aa-40d6-a586-39e705c18e45","Express Star","2723","2024-03-14 02:09:17"
"007596a9-44aa-40d6-a586-39e705c18e45","Express Star","2660","2024-03-04 12:28:54"
"007596a9-44aa-40d6-a586-39e705c18e45","Express Star","2606","2024-03-05 15:36:05"
"007596a9-44aa-40d6-a586-39e705c18e45","Express Star","1947","2024-02-29 02:17:55"
"007596a9-44aa-40d6-a586-39e705c18e45","Express Star","2832","2024-03-30 01:42:23"
"2737082e-676d-43b2-9049-34168a27dd95","Veranda Breaker","2101","2024-02-26 12:00:55"
"2737082e-676d-43b2-9049-34168a27dd95","Veranda Breaker","2002","2024-04-02 15:29:44"
"2737082e-676d-43b2-9049-34168a27dd95","Veranda Breaker","2923","2024-04-26 04:43:28"
"2737082e-676d-43b2-9049-34168a27dd95","Veranda Breaker","277","2024-03-17 05:35:16"
"2737082e-676d-43b2-9049-34168a27dd95","Veranda Breaker","2029","2024-04-22 18:40:38"
"2737082e-676d-43b2-9049-34168a27dd95","Veranda Breaker","278","2024-03-24 16:19:20"
"2737082e-676d-43b2-9049-34168a27dd95","Veranda Breaker","2293","2024-03-23 01:37:43"
"2737082e-676d-43b2-9049-34168a27dd95","Veranda Breaker","2261","2024-05-21 16:49:47"
"2737082e-676d-43b2-9049-34168a27dd95","Veranda Breaker","2064","2024-04-15 12:06:21"
"2737082e-676d-43b2-9049-34168a27dd95","Veranda Breaker","2239","2024-05-18 12:41:09"
"2737082e-676d-43b2-9049-34168a27dd95","Veranda Breaker","2119","2024-04-01 06:52:12"
"4e86b6bb-a7f0-4f66-87ba-17a5c816e99a","Goodbye Forrester","2513","2024-03-11 02:33:34"
"4e86b6bb-a7f0-4f66-87ba-17a5c816e99a","Goodbye Forrester","709","2024-04-01 08:51:52"
"262a215d-de5f-468f-a53d-5ef4f787f024","Green Equinox","2614","2024-02-22 11:36:43"
"262a215d-de5f-468f-a53d-5ef4f787f024","Green Equinox","1934","2024-03-08 05:35:40"
"262a215d-de5f-468f-a53d-5ef4f787f024","Green Equinox","2535","2024-04-03 14:21:32"
"262a215d-de5f-468f-a53d-5ef4f787f024","Green Equinox","220","2024-04-29 00:51:49"
"262a215d-de5f-468f-a53d-5ef4f787f024","Green Equinox","2831","2024-03-16 12:40:19"
"27da58dd-ad86-40cd-82b1-95a5e07036f2","Goodbye Extract","2201","2024-03-27 22:51:35"
"27da58dd-ad86-40cd-82b1-95a5e07036f2","Goodbye Extract","2993","2024-03-08 14:03:23"
"27da58dd-ad86-40cd-82b1-95a5e07036f2","Goodbye Extract","953","2024-04-13 01:38:26"
"27da58dd-ad86-40cd-82b1-95a5e07036f2","Goodbye Extract","927","2024-03-18 14:09:20"
"27da58dd-ad86-40cd-82b1-95a5e07036f2","Goodbye Extract","2665","2024-04-04 08:14:57"
"27da58dd-ad86-40cd-82b1-95a5e07036f2","Goodbye Extract","586","2024-05-12 16:43:43"
"27da58dd-ad86-40cd-82b1-95a5e07036f2","Goodbye Extract","605","2024-04-06 14:58:55"
"27da58dd-ad86-40cd-82b1-95a5e07036f2","Goodbye Extract","1327","2024-03-03 06:20:19"
"27da58dd-ad86-40cd-82b1-95a5e07036f2","Goodbye Extract","2346","2024-03-27 15:10:38"
"27da58dd-ad86-40cd-82b1-95a5e07036f2","Goodbye Extract","2117","2024-03-15 17:23:14"
"27da58dd-ad86-40cd-82b1-95a5e07036f2","Goodbye Extract","2718","2024-03-22 09:39:29"
"27da58dd-ad86-40cd-82b1-95a5e07036f2","Goodbye Extract","1121","2024-03-05 03:24:21"
"a8e1841c-f1a5-499d-88e4-e1f7378c68cf","Blue Cowboy","2561","2024-03-20 13:45:23"
"a8e1841c-f1a5-499d-88e4-e1f7378c68cf","Blue Cowboy","2307","2024-02-29 15:48:02"
"a8e1841c-f1a5-499d-88e4-e1f7378c68cf","Blue Cowboy","1340","2024-03-24 04:51:24"
"a8e1841c-f1a5-499d-88e4-e1f7378c68cf","Blue Cowboy","2802","2024-04-03 22:04:45"
"a8e1841c-f1a5-499d-88e4-e1f7378c68cf","Blue Cowboy","771","2024-04-21 02:15:04"
"a8e1841c-f1a5-499d-88e4-e1f7378c68cf","Blue Cowboy","1786","2024-05-17 03:07:32"
"b37293cc-86f9-4fce-8434-1a8ecc6a8a04","Chocolate Cowboy","488","2024-04-10 12:46:48"
"b37293cc-86f9-4fce-8434-1a8ecc6a8a04","Chocolate Cowboy","1598","2024-04-23 21:05:56"
"b37293cc-86f9-4fce-8434-1a8ecc6a8a04","Chocolate Cowboy","507","2024-05-15 04:09:56"
"b37293cc-86f9-4fce-8434-1a8ecc6a8a04","Chocolate Cowboy","2518","2024-03-15 09:36:00"
"b37293cc-86f9-4fce-8434-1a8ecc6a8a04","Chocolate Cowboy","1765","2024-03-28 21:37:20"
"b37293cc-86f9-4fce-8434-1a8ecc6a8a04","Chocolate Cowboy","1092","2024-05-05 06:26:02"
"b37293cc-86f9-4fce-8434-1a8ecc6a8a04","Chocolate Cowboy","1445","2024-04-20 15:37:54"
"b37293cc-86f9-4fce-8434-1a8ecc6a8a04","Chocolate Cowboy","945","2024-03-03 07:35:43"
"b37293cc-86f9-4fce-8434-1a8ecc6a8a04","Chocolate Cowboy","200","2024-05-01 21:00:55"
"b37293cc-86f9-4fce-8434-1a8ecc6a8a04","Chocolate Cowboy","1782","2024-05-07 13:51:26"
"b37293cc-86f9-4fce-8434-1a8ecc6a8a04","Chocolate Cowboy","144","2024-03-12 11:52:34"
"b37293cc-86f9-4fce-8434-1a8ecc6a8a04","Chocolate Cowboy","38","2024-04-30 09:15:22"
"b37293cc-86f9-4fce-8434-1a8ecc6a8a04","Chocolate Cowboy","1747","2024-03-24 15:52:55"
"b37293cc-86f9-4fce-8434-1a8ecc6a8a04","Chocolate Cowboy","2264","2024-02-26 06:32:22"
"b37293cc-86f9-4fce-8434-1a8ecc6a8a04","Chocolate Cowboy","820","2024-05-06 16:37:54"
"b37293cc-86f9-4fce-8434-1a8ecc6a8a04","Chocolate Cowboy","101","2024-03-09 06:27:47"
"b37293cc-86f9-4fce-8434-1a8ecc6a8a04","Chocolate Cowboy","2447","2024-05-17 20:37:42"
"290c9763-d291-479f-ac5c-20f866df2365","Melty Treat","820","2024-05-08 15:18:35"
"290c9763-d291-479f-ac5c-20f866df2365","Melty Treat","2985","2024-04-17 03:35:21"
"290c9763-d291-479f-ac5c-20f866df2365","Melty Treat","20","2024-04-16 09:58:25"
"290c9763-d291-479f-ac5c-20f866df2365","Melty Treat","919","2024-05-17 05:20:32"
"290c9763-d291-479f-ac5c-20f866df2365","Melty Treat","2597","2024-03-05 00:39:00"
"290c9763-d291-479f-ac5c-20f866df2365","Melty Treat","1911","2024-04-10 11:33:50"
"290c9763-d291-479f-ac5c-20f866df2365","Melty Treat","1085","2024-03-05 13:35:03"
"290c9763-d291-479f-ac5c-20f866df2365","Melty Treat","1251","2024-03-06 20:47:36"
"290c9763-d291-479f-ac5c-20f866df2365","Melty Treat","555","2024-03-22 21:29:35"
"dbe9c8a6-8b19-4e25-a328-c7d4d4fdeb15","Rye","325","2024-02-28 20:32:00"
"dbe9c8a6-8b19-4e25-a328-c7d4d4fdeb15","Rye","1553","2024-05-07 04:28:33"
"dbe9c8a6-8b19-4e25-a328-c7d4d4fdeb15","Rye","2956","2024-05-16 05:21:39"
"dbe9c8a6-8b19-4e25-a328-c7d4d4fdeb15","Rye","1623","2024-03-25 00:42:30"
"dbe9c8a6-8b19-4e25-a328-c7d4d4fdeb15","Rye","179","2024-04-12 09:32:18"
"dbe9c8a6-8b19-4e25-a328-c7d4d4fdeb15","Rye","216","2024-04-07 04:30:31"
"dbe9c8a6-8b19-4e25-a328-c7d4d4fdeb15","Rye","601","2024-05-20 13:32:32"
"dbe9c8a6-8b19-4e25-a328-c7d4d4fdeb15","Rye","1581","2024-03-19 05:33:39"
"dbe9c8a6-8b19-4e25-a328-c7d4d4fdeb15","Rye","2113","2024-02-22 05:09:38"
"dbe9c8a6-8b19-4e25-a328-c7d4d4fdeb15","Rye","1181","2024-04-17 13:03:52"
"dbe9c8a6-8b19-4e25-a328-c7d4d4fdeb15","Rye","2263","2024-04-21 02:29:24"
"9c3239dd-ae4b-4286-be0d-0252d9a885bc","White Wine","561","2024-03-28 21:52:17"
"31005de0-e2b6-4c23-ba58-fb677b6e975d","Melon","2135","2024-03-31 17:33:39"
"31005de0-e2b6-4c23-ba58-fb677b6e975d","Melon","489","2024-03-16 05:13:52"
"31005de0-e2b6-4c23-ba58-fb677b6e975d","Melon","2705","2024-05-17 15:03:20"
"31005de0-e2b6-4c23-ba58-fb677b6e975d","Melon","266","2024-03-25 03:09:41"
"be2f948a-df74-45ae-bba4-21653d2b8841","Adzuki Beans","934","2024-04-07 08:51:54"
"be2f948a-df74-45ae-bba4-21653d2b8841","Adzuki Beans","390","2024-04-21 08:23:42"
"be2f948a-df74-45ae-bba4-21653d2b8841","Adzuki Beans","374","2024-04-10 09:01:39"
"be2f948a-df74-45ae-bba4-21653d2b8841","Adzuki Beans","1726","2024-05-13 21:27:37"
"be2f948a-df74-45ae-bba4-21653d2b8841","Adzuki Beans","2533","2024-03-03 05:16:46"
"be2f948a-df74-45ae-bba4-21653d2b8841","Adzuki Beans","2415","2024-03-15 03:36:31"
"be2f948a-df74-45ae-bba4-21653d2b8841","Adzuki Beans","1493","2024-03-26 02:10:28"
"be2f948a-df74-45ae-bba4-21653d2b8841","Adzuki Beans","1505","2024-05-19 06:04:21"
"be2f948a-df74-45ae-bba4-21653d2b8841","Adzuki Beans","2313","2024-04-29 22:31:16"
"b95d1935-a52d-461e-81cd-b6bad80dc07b","Cocoa Powder","443","2024-03-19 06:45:42"
"b95d1935-a52d-461e-81cd-b6bad80dc07b","Cocoa Powder","2173","2024-02-23 22:46:17"
"b95d1935-a52d-461e-81cd-b6bad80dc07b","Cocoa Powder","2959","2024-05-18 05:00:44"
"b95d1935-a52d-461e-81cd-b6bad80dc07b","Cocoa Powder","204","2024-04-25 12:00:26"
"b95d1935-a52d-461e-81cd-b6bad80dc07b","Cocoa Powder","761","2024-04-15 08:41:24"
"b95d1935-a52d-461e-81cd-b6bad80dc07b","Cocoa Powder","2920","2024-04-28 20:38:57"
"b95d1935-a52d-461e-81cd-b6bad80dc07b","Cocoa Powder","2045","2024-03-25 16:12:52"
"b95d1935-a52d-461e-81cd-b6bad80dc07b","Cocoa Powder","1648","2024-02-28 05:20:07"
"b95d1935-a52d-461e-81cd-b6bad80dc07b","Cocoa Powder","2670","2024-04-20 12:18:08"
"b95d1935-a52d-461e-81cd-b6bad80dc07b","Cocoa Powder","109","2024-04-19 03:12:36"
"b95d1935-a52d-461e-81cd-b6bad80dc07b","Cocoa Powder","1536","2024-04-08 13:50:39"
"b95d1935-a52d-461e-81cd-b6bad80dc07b","Cocoa Powder","659","2024-02-28 04:49:08"
"515ddb94-9d30-4f11-b992-e8e0531e9853","Peaches","804","2024-02-27 21:33:43"
"515ddb94-9d30-4f11-b992-e8e0531e9853","Peaches","108","2024-05-03 15:01:40"
"e3e1a589-759d-413f-8fa8-67142302b044","Curry Leaves","340","2024-03-17 07:23:43"
"e3e1a589-759d-413f-8fa8-67142302b044","Curry Leaves","202","2024-04-18 05:42:27"
"e3e1a589-759d-413f-8fa8-67142302b044","Curry Leaves","2670","2024-05-08 07:19:51"
"e3e1a589-759d-413f-8fa8-67142302b044","Curry Leaves","1669","2024-03-31 13:15:31"
"e3e1a589-759d-413f-8fa8-67142302b044","Curry Leaves","139","2024-02-28 20:53:39"
"e3e1a589-759d-413f-8fa8-67142302b044","Curry Leaves","130","2024-03-16 06:39:23"
"e3e1a589-759d-413f-8fa8-67142302b044","Curry Leaves","2441","2024-05-03 14:02:34"
"e3e1a589-759d-413f-8fa8-67142302b044","Curry Leaves","1565","2024-05-18 07:13:21"
"e3e1a589-759d-413f-8fa8-67142302b044","Curry Leaves","2496","2024-03-04 02:56:01"
"e3e1a589-759d-413f-8fa8-67142302b044","Curry Leaves","348","2024-05-13 08:53:56"
"e3e1a589-759d-413f-8fa8-67142302b044","Curry Leaves","1470","2024-04-22 06:16:10"
"e3e1a589-759d-413f-8fa8-67142302b044","Curry Leaves","2694","2024-03-21 03:32:48"
"3ad5a8e4-323c-486d-b4a8-dd5f423c8667","Bocconcini","253","2024-03-27 08:16:14"
"3ad5a8e4-323c-486d-b4a8-dd5f423c8667","Bocconcini","606","2024-02-23 01:25:07"
"3ad5a8e4-323c-486d-b4a8-dd5f423c8667","Bocconcini","2704","2024-03-09 11:09:17"
"3ad5a8e4-323c-486d-b4a8-dd5f423c8667","Bocconcini","2194","2024-04-17 05:37:26"
"3ad5a8e4-323c-486d-b4a8-dd5f423c8667","Bocconcini","2544","2024-04-10 12:00:01"
"3ad5a8e4-323c-486d-b4a8-dd5f423c8667","Bocconcini","67","2024-03-28 05:48:03"
"3ad5a8e4-323c-486d-b4a8-dd5f423c8667","Bocconcini","2367","2024-04-20 02:44:14"
"a39dc110-4eec-43cd-9919-305b76f062df","Cayenne","2902","2024-04-10 00:38:56"
"a39dc110-4eec-43cd-9919-305b76f062df","Cayenne","1382","2024-04-09 06:13:44"
"a39dc110-4eec-43cd-9919-305b76f062df","Cayenne","2568","2024-04-05 01:21:32"
"a39dc110-4eec-43cd-9919-305b76f062df","Cayenne","2468","2024-05-18 20:00:41"
"a39dc110-4eec-43cd-9919-305b76f062df","Cayenne","962","2024-04-30 05:36:13"
"a39dc110-4eec-43cd-9919-305b76f062df","Cayenne","2384","2024-03-17 16:40:42"
"a39dc110-4eec-43cd-9919-305b76f062df","Cayenne","517","2024-03-20 20:18:17"
"a39dc110-4eec-43cd-9919-305b76f062df","Cayenne","2983","2024-05-10 08:45:01"
"a39dc110-4eec-43cd-9919-305b76f062df","Cayenne","195","2024-03-03 07:07:32"
"a39dc110-4eec-43cd-9919-305b76f062df","Cayenne","1579","2024-03-19 19:25:24"
"a39dc110-4eec-43cd-9919-305b76f062df","Cayenne","539","2024-03-23 05:18:40"
"a39dc110-4eec-43cd-9919-305b76f062df","Cayenne","943","2024-03-27 01:14:19"
"a39dc110-4eec-43cd-9919-305b76f062df","Cayenne","2165","2024-03-16 18:02:22"
"a39dc110-4eec-43cd-9919-305b76f062df","Cayenne","2588","2024-03-31 03:51:19"
"a39dc110-4eec-43cd-9919-305b76f062df","Cayenne","1042","2024-02-29 21:45:28"
"a39dc110-4eec-43cd-9919-305b76f062df","Cayenne","1631","2024-03-03 18:20:22"
"a39dc110-4eec-43cd-9919-305b76f062df","Cayenne","1726","2024-03-11 13:26:33"
"a39dc110-4eec-43cd-9919-305b76f062df","Cayenne","1312","2024-03-24 15:07:44"
"a39dc110-4eec-43cd-9919-305b76f062df","Cayenne","1238","2024-03-15 07:27:36"
"a39dc110-4eec-43cd-9919-305b76f062df","Cayenne","2837","2024-04-19 03:42:07"
"a39dc110-4eec-43cd-9919-305b76f062df","Cayenne","254","2024-03-03 14:24:14"
"a39dc110-4eec-43cd-9919-305b76f062df","Cayenne","132","2024-03-16 03:27:28"
"99296379-1c9a-44bd-b4b9-1f60420cf6b8","Thyme","2558","2024-05-03 08:22:48"
"99296379-1c9a-44bd-b4b9-1f60420cf6b8","Thyme","382","2024-03-18 19:55:23"
"99296379-1c9a-44bd-b4b9-1f60420cf6b8","Thyme","163","2024-02-26 20:22:57"
"99296379-1c9a-44bd-b4b9-1f60420cf6b8","Thyme","1784","2024-03-06 04:46:08"
"99296379-1c9a-44bd-b4b9-1f60420cf6b8","Thyme","1593","2024-04-02 15:58:34"
"99296379-1c9a-44bd-b4b9-1f60420cf6b8","Thyme","2237","2024-03-13 09:51:49"
"99296379-1c9a-44bd-b4b9-1f60420cf6b8","Thyme","2377","2024-03-25 09:22:00"
"5d897643-d9a0-4048-bc04-1512f3f77fcb","Canola Oil","1317","2024-05-07 11:29:13"
"5d897643-d9a0-4048-bc04-1512f3f77fcb","Canola Oil","2060","2024-05-09 14:51:04"
"5d897643-d9a0-4048-bc04-1512f3f77fcb","Canola Oil","2904","2024-03-09 14:35:52"
"5d897643-d9a0-4048-bc04-1512f3f77fcb","Canola Oil","71","2024-04-30 08:05:25"
"db5f60c6-29fb-4389-b65d-54cd28ba1b94","Fennel Seeds","1380","2024-05-13 11:40:06"
"db5f60c6-29fb-4389-b65d-54cd28ba1b94","Fennel Seeds","1964","2024-05-04 00:12:42"
"db5f60c6-29fb-4389-b65d-54cd28ba1b94","Fennel Seeds","1946","2024-04-10 14:21:15"
"db5f60c6-29fb-4389-b65d-54cd28ba1b94","Fennel Seeds","2266","2024-03-01 08:04:15"
"db5f60c6-29fb-4389-b65d-54cd28ba1b94","Fennel Seeds","2547","2024-02-24 17:31:01"
"db5f60c6-29fb-4389-b65d-54cd28ba1b94","Fennel Seeds","1677","2024-02-29 05:31:30"
"db5f60c6-29fb-4389-b65d-54cd28ba1b94","Fennel Seeds","325","2024-03-21 09:09:54"
"db5f60c6-29fb-4389-b65d-54cd28ba1b94","Fennel Seeds","132","2024-04-23 07:15:39"
"db5f60c6-29fb-4389-b65d-54cd28ba1b94","Fennel Seeds","2927","2024-04-09 10:24:47"
"db5f60c6-29fb-4389-b65d-54cd28ba1b94","Fennel Seeds","2072","2024-03-29 02:58:40"
"db5f60c6-29fb-4389-b65d-54cd28ba1b94","Fennel Seeds","2226","2024-03-06 11:22:04"
"db5f60c6-29fb-4389-b65d-54cd28ba1b94","Fennel Seeds","1086","2024-03-03 12:22:41"
"db5f60c6-29fb-4389-b65d-54cd28ba1b94","Fennel Seeds","1669","2024-03-07 20:56:03"
"db5f60c6-29fb-4389-b65d-54cd28ba1b94","Fennel Seeds","192","2024-04-03 19:08:12"
"db5f60c6-29fb-4389-b65d-54cd28ba1b94","Fennel Seeds","2848","2024-03-13 11:50:23"
"db5f60c6-29fb-4389-b65d-54cd28ba1b94","Fennel Seeds","2247","2024-04-12 07:53:40"
"db5f60c6-29fb-4389-b65d-54cd28ba1b94","Fennel Seeds","2992","2024-05-11 17:05:05"
"db5f60c6-29fb-4389-b65d-54cd28ba1b94","Fennel Seeds","2671","2024-04-06 05:52:17"
"db5f60c6-29fb-4389-b65d-54cd28ba1b94","Fennel Seeds","2656","2024-05-04 18:22:44"
"f91bbcbc-76c9-4ad4-bf4c-ef50202dbbc9","Chestnut","498","2024-03-24 13:07:13"
"f91bbcbc-76c9-4ad4-bf4c-ef50202dbbc9","Chestnut","1652","2024-03-10 17:16:05"
"f91bbcbc-76c9-4ad4-bf4c-ef50202dbbc9","Chestnut","1318","2024-03-20 18:34:54"
"f91bbcbc-76c9-4ad4-bf4c-ef50202dbbc9","Chestnut","2811","2024-03-23 02:39:30"
"f91bbcbc-76c9-4ad4-bf4c-ef50202dbbc9","Chestnut","619","2024-02-27 17:41:29"
"19457132-22b7-4d2d-b91d-ac03294eb77a","Pasta","493","2024-02-25 00:58:28"
"19457132-22b7-4d2d-b91d-ac03294eb77a","Pasta","736","2024-05-01 14:42:44"
"19457132-22b7-4d2d-b91d-ac03294eb77a","Pasta","1518","2024-04-03 20:14:05"
"19457132-22b7-4d2d-b91d-ac03294eb77a","Pasta","734","2024-04-24 06:51:41"
"19457132-22b7-4d2d-b91d-ac03294eb77a","Pasta","1263","2024-04-11 17:33:38"
"19457132-22b7-4d2d-b91d-ac03294eb77a","Pasta","281","2024-02-24 00:07:16"
"1aeb2c36-600e-4402-bd19-bc0808e142d3","Yellow Papaw","573","2024-05-17 16:31:37"
"1aeb2c36-600e-4402-bd19-bc0808e142d3","Yellow Papaw","112","2024-05-05 07:01:41"
"1aeb2c36-600e-4402-bd19-bc0808e142d3","Yellow Papaw","2129","2024-03-26 16:54:29"
"1aeb2c36-600e-4402-bd19-bc0808e142d3","Yellow Papaw","1434","2024-05-15 14:09:21"
"1aeb2c36-600e-4402-bd19-bc0808e142d3","Yellow Papaw","879","2024-05-03 18:08:19"
"1aeb2c36-600e-4402-bd19-bc0808e142d3","Yellow Papaw","1574","2024-04-07 06:07:27"
"1aeb2c36-600e-4402-bd19-bc0808e142d3","Yellow Papaw","1599","2024-04-07 14:34:03"
"1aeb2c36-600e-4402-bd19-bc0808e142d3","Yellow Papaw","1920","2024-02-25 12:00:06"
"1aeb2c36-600e-4402-bd19-bc0808e142d3","Yellow Papaw","789","2024-03-18 08:18:23"
"1aeb2c36-600e-4402-bd19-bc0808e142d3","Yellow Papaw","524","2024-03-18 16:53:58"
"9a3e87a1-4ab6-45a1-840a-24affa5d41fb","Edam","2275","2024-02-27 00:22:24"
"9a3e87a1-4ab6-45a1-840a-24affa5d41fb","Edam","2353","2024-03-29 07:42:32"
"9a3e87a1-4ab6-45a1-840a-24affa5d41fb","Edam","2214","2024-03-19 16:14:08"
"9a3e87a1-4ab6-45a1-840a-24affa5d41fb","Edam","2199","2024-04-14 11:31:35"
"9a3e87a1-4ab6-45a1-840a-24affa5d41fb","Edam","1059","2024-03-26 18:27:17"
"9a3e87a1-4ab6-45a1-840a-24affa5d41fb","Edam","2172","2024-03-01 07:11:37"
"9a3e87a1-4ab6-45a1-840a-24affa5d41fb","Edam","446","2024-04-15 13:05:51"
"9a3e87a1-4ab6-45a1-840a-24affa5d41fb","Edam","1432","2024-04-28 10:52:07"
"9a3e87a1-4ab6-45a1-840a-24affa5d41fb","Edam","2993","2024-03-05 13:07:00"
"794c765c-ae4c-4cdf-8b1d-f0f580b71209","Aniseed","854","2024-05-15 11:40:44"
"794c765c-ae4c-4cdf-8b1d-f0f580b71209","Aniseed","2216","2024-05-14 03:32:41"
"794c765c-ae4c-4cdf-8b1d-f0f580b71209","Aniseed","1409","2024-03-10 07:17:22"
"794c765c-ae4c-4cdf-8b1d-f0f580b71209","Aniseed","1945","2024-03-26 11:14:23"
"794c765c-ae4c-4cdf-8b1d-f0f580b71209","Aniseed","2111","2024-04-16 01:14:25"
"794c765c-ae4c-4cdf-8b1d-f0f580b71209","Aniseed","2357","2024-05-08 20:46:49"
"794c765c-ae4c-4cdf-8b1d-f0f580b71209","Aniseed","80","2024-04-15 12:49:25"
"175cb9e3-4bba-40dd-bce4-d8ab87865a97","Mussels","104","2024-03-25 17:58:33"
"175cb9e3-4bba-40dd-bce4-d8ab87865a97","Mussels","1117","2024-03-27 11:14:14"
"175cb9e3-4bba-40dd-bce4-d8ab87865a97","Mussels","2369","2024-05-17 19:07:31"
"175cb9e3-4bba-40dd-bce4-d8ab87865a97","Mussels","844","2024-03-23 06:05:37"
"175cb9e3-4bba-40dd-bce4-d8ab87865a97","Mussels","2474","2024-04-18 01:46:10"
"9f826d81-df22-4142-8afd-cb7365b152ef","Sunflower Oil","102","2024-02-24 10:43:22"
"9f826d81-df22-4142-8afd-cb7365b152ef","Sunflower Oil","172","2024-04-29 09:40:58"
"9f826d81-df22-4142-8afd-cb7365b152ef","Sunflower Oil","2644","2024-04-05 13:43:30"
"9f826d81-df22-4142-8afd-cb7365b152ef","Sunflower Oil","1437","2024-03-08 15:07:38"
"9f826d81-df22-4142-8afd-cb7365b152ef","Sunflower Oil","1274","2024-05-08 05:06:09"
"9f826d81-df22-4142-8afd-cb7365b152ef","Sunflower Oil","1296","2024-04-22 17:44:40"
"9f826d81-df22-4142-8afd-cb7365b152ef","Sunflower Oil","1884","2024-04-02 09:32:02"
"237b4519-7d22-4d71-b3bd-109900c383e9","Longan","152","2024-04-04 05:13:21"
"237b4519-7d22-4d71-b3bd-109900c383e9","Longan","499","2024-04-30 17:39:57"
"237b4519-7d22-4d71-b3bd-109900c383e9","Longan","1956","2024-04-30 11:50:45"
"237b4519-7d22-4d71-b3bd-109900c383e9","Longan","962","2024-02-23 21:06:25"
"237b4519-7d22-4d71-b3bd-109900c383e9","Longan","2602","2024-03-11 14:37:22"
"237b4519-7d22-4d71-b3bd-109900c383e9","Longan","2682","2024-04-19 09:37:16"
"237b4519-7d22-4d71-b3bd-109900c383e9","Longan","93","2024-03-30 19:13:35"
"237b4519-7d22-4d71-b3bd-109900c383e9","Longan","2167","2024-05-07 21:37:12"
"237b4519-7d22-4d71-b3bd-109900c383e9","Longan","806","2024-04-09 14:16:00"
"237b4519-7d22-4d71-b3bd-109900c383e9","Longan","304","2024-03-11 14:36:38"
"237b4519-7d22-4d71-b3bd-109900c383e9","Longan","1537","2024-05-18 08:50:05"
"237b4519-7d22-4d71-b3bd-109900c383e9","Longan","2388","2024-03-15 21:55:20"
"237b4519-7d22-4d71-b3bd-109900c383e9","Longan","2994","2024-02-22 06:24:11"
"237b4519-7d22-4d71-b3bd-109900c383e9","Longan","1978","2024-04-15 09:43:27"
"237b4519-7d22-4d71-b3bd-109900c383e9","Longan","1244","2024-05-03 13:38:50"
"237b4519-7d22-4d71-b3bd-109900c383e9","Longan","1099","2024-05-11 01:58:50"
"237b4519-7d22-4d71-b3bd-109900c383e9","Longan","2183","2024-02-27 05:50:03"
"237b4519-7d22-4d71-b3bd-109900c383e9","Longan","3000","2024-05-20 10:37:02"
"237b4519-7d22-4d71-b3bd-109900c383e9","Longan","2732","2024-02-25 11:35:03"
"237b4519-7d22-4d71-b3bd-109900c383e9","Longan","1505","2024-05-05 14:56:13"
"237b4519-7d22-4d71-b3bd-109900c383e9","Longan","1077","2024-04-12 10:20:50"
"237b4519-7d22-4d71-b3bd-109900c383e9","Longan","551","2024-03-12 15:05:34"
"237b4519-7d22-4d71-b3bd-109900c383e9","Longan","1732","2024-04-06 03:05:21"
"237b4519-7d22-4d71-b3bd-109900c383e9","Longan","2417","2024-03-01 03:00:24"
"237b4519-7d22-4d71-b3bd-109900c383e9","Longan","2352","2024-04-23 03:45:28"
"237b4519-7d22-4d71-b3bd-109900c383e9","Longan","1041","2024-04-21 13:01:28"
"237b4519-7d22-4d71-b3bd-109900c383e9","Longan","822","2024-05-02 16:32:35"